\set ON_ERROR_STOP on

INSERT INTO "public"."blood_type" ("id", "blood_type_full", "blood_type", "rh_factor") VALUES (1, 'A+', 'A', 'Positive'), (3, 'A-', 'A', 'Negative'), (4, 'B+', 'B', 'Positive'), (5, 'B-', 'B', 'Negative'), (6, 'AB+', 'AB', 'Positive'), (7, 'AB-', 'AB', 'Negative'), (8, 'O+', 'O', 'Positive'), (9, 'O-', 'O', 'Negative');

INSERT INTO "public"."department" ("id", "department_code", "department_name", "location_description") VALUES (1, 'DPT-001', 'General Practice', 'Suite 101, Main Hallway'), (2, 'DPT-002', 'Pediatrics', 'Suite 102, Main Hallway'), (3, 'DPT-003', 'Dental Clinic', 'Suite 103, East Wing'), (4, 'DPT-004', 'Physiotherapy', 'Room 201, Second Floor'), (5, 'DPT-005', 'Nursing Station', 'Adjacent to Waiting Area'), (6, 'DPT-006', 'Laboratory', 'Room 105, Near Entrance'), (7, 'DPT-007', 'Reception & Billing', 'Main Lobby'), (8, 'DPT-008', 'Pharmacy', 'Next to Exit'), (9, 'DPT-009', 'Optometry', 'Room 202, Second Floor'), (10, 'DPT-010', 'Radiology (X-Ray)', 'Basement Level, Room B1'), (11, 'DPT-011', 'Mental Health Counseling', 'Suite 204, Quiet Zone'), (12, 'DPT-012', 'Consultation Room A', 'Room 106, Main Hallway'), (13, 'DPT-013', 'Emergency Room', 'Ground Floor, West Wing'), (14, 'DPT-014', 'ICU', 'Critical Care Unit, Floor 2'), (15, 'DPT-015', 'Cardiology', 'Suite 301, Heart Center'), (16, 'DPT-016', 'Neurology', 'Suite 302, Brain Center'), (17, 'DPT-017', 'Oncology', 'Suite 303, Cancer Wing'), (18, 'DPT-018', 'Orthopedics', 'Room 210, Second Floor'), (19, 'DPT-019', 'Dermatology', 'Suite 104, East Wing'), (20, 'DPT-020', 'ENT Department', 'Room 107, Main Hallway');

INSERT INTO "public"."doctor" ("id", "created_at", "doctor_code", "doctor_name", "gender", "specialty", "department_id") VALUES (1, '2015-01-14 17:00:00+00', 'DOC-001', 'John Smith', 'Male', 'General Practice', 1), (2, '2015-03-21 17:00:00+00', 'DOC-002', 'Emily Johnson', 'Female', 'Pediatrics', 2), (3, '2015-06-09 17:00:00+00', 'DOC-003', 'Michael Brown', 'Male', 'Dentistry', 3), (4, '2015-11-05 00:00:00+00', 'DOC-004', 'Sarah Davis', 'Female', 'Physiotherapy', 4), (5, '2016-02-18 00:00:00+00', 'DOC-005', 'David Wilson', 'Male', 'Nursing Care', 5), (6, '2016-03-23 00:00:00+00', 'DOC-006', 'Laura Martinez', 'Female', 'Laboratory Medicine', 6), (7, '2016-09-14 00:00:00+00', 'DOC-007', 'James Anderson', 'Male', 'Administration', 7), (8, '2016-12-01 00:00:00+00', 'DOC-008', 'Linda Thomas', 'Female', 'Pharmacy', 8), (9, '2017-05-25 00:00:00+00', 'DOC-009', 'Robert Taylor', 'Male', 'Optometry', 9), (10, '2018-08-19 00:00:00+00', 'DOC-010', 'Patricia Moore', 'Female', 'Radiology', 10), (11, '2019-10-11 00:00:00+00', 'DOC-011', 'Charles Jackson', 'Male', 'Mental Health', 11), (12, '2020-01-05 00:00:00+00', 'DOC-012', 'Barbara White', 'Female', 'Consultation', 12), (13, '2020-04-17 00:00:00+00', 'DOC-013', 'Joseph Harris', 'Male', 'Emergency Medicine', 13), (14, '2021-07-23 00:00:00+00', 'DOC-014', 'Susan Martin', 'Female', 'Critical Care', 14), (15, '2021-09-09 00:00:00+00', 'DOC-015', 'Thomas Thompson', 'Male', 'Cardiology', 15), (16, '2022-03-12 00:00:00+00', 'DOC-016', 'Karen Garcia', 'Female', 'Neurology', 16), (17, '2022-06-28 00:00:00+00', 'DOC-017', 'Christopher Martinez', 'Male', 'Oncology', 17), (18, '2023-11-03 00:00:00+00', 'DOC-018', 'Nancy Robinson', 'Female', 'Orthopedics', 18), (19, '2023-08-16 00:00:00+00', 'DOC-019', 'Daniel Clark', 'Male', 'Dermatology', 19), (20, '2024-05-21 00:00:00+00', 'DOC-020', 'Jessica Rodriguez', 'Female', 'ENT', 20);

INSERT INTO "public"."medicine" ("id", "medicine_code", "medicine_name", "generic_name", "medicine_type", "unit_cost") VALUES (1, 'AFG-001', 'Lotrimin', 'Clotrimazole', 'Antifungals', '120'), (2, 'AHM-001', 'Allegra', 'Fexofenadine', 'Antihistamines', '350'), (3, 'AGS-001', 'Aleve', 'Naproxen', 'Analgesics', '90'), (4, 'ABT-001', 'Cipro', 'Ciprofloxacin', 'Antibiotics', '60'), (5, 'ABT-002', 'Zithromax', 'Azithromycin', 'Antibiotics', '280'), (6, 'ABT-003', 'Augmentin', 'Amoxicillin/Clavulanate', 'Antibiotics', '65'), (7, 'ABT-004', 'Vibramycin', 'Doxycycline', 'Antibiotics', '150'), (8, 'AHM-002', 'Claritin', 'Loratadine', 'Antihistamines', '180'), (9, 'AFG-002', 'Nizoral', 'Ketoconazole', 'Antifungals', '100'), (10, 'AFG-003', 'Lamisil', 'Terbinafine', 'Antifungals', '320'), (11, 'ABT-005', 'Zinnat', 'Cefuroxime', 'Antibiotics', '140'), (12, 'AHM-003', 'Zyrtec', 'Cetirizine', 'Antihistamines', '200'), (13, 'AFG-004', 'Mycostatin', 'Nystatin', 'Antifungals', '130'), (14, 'AGS-002', 'Tylenol', 'Paracetamol', 'Analgesics', '50'), (15, 'AFG-005', 'Diflucan', 'Fluconazole', 'Antifungals', '220'), (16, 'AFG-006', 'Sporanox', 'Itraconazole', 'Antifungals', '210'), (17, 'AGS-003', 'Advil', 'Ibuprofen', 'Analgesics', '45'), (18, 'ABT-006', 'Keflex', 'Cephalexin', 'Antibiotics', '160'), (19, 'AGS-004', 'Bayer', 'Aspirin', 'Analgesics', '70'), (20, 'ABT-007', 'Amoxil', 'Amoxicillin', 'Antibiotics', '120');

INSERT INTO "public"."treatment" ("id", "treatment_code", "treatment_name", "unit_cost") VALUES (1, 'TRM-001', 'Physical Therapy', '900'), (2, 'TRM-002', 'LED light therapy', '1500'), (3, 'TRM-003', 'Chemotherapy', '5000'), (4, 'TRM-004', 'Radiation therapy', '4500'), (5, 'TRM-005', 'Surgery', '10000'), (6, 'TRM-006', 'Medication therapy', '800'), (7, 'TRM-007', 'Cognitive behavioral therapy', '1200'), (8, 'TRM-008', 'Acupuncture', '700'), (9, 'TRM-009', 'Massage therapy', '600'), (10, 'TRM-010', 'Hydrotherapy', '900'), (11, 'TRM-011', 'Oxygen therapy', '1100'), (12, 'TRM-012', 'Immunotherapy', '5500'), (13, 'TRM-013', 'Dialysis', '4000'), (14, 'TRM-014', 'Physical rehabilitation', '950'), (15, 'TRM-015', 'Nutritional therapy', '500'), (16, 'TRM-016', 'Psychotherapy', '1300'), (17, 'TRM-017', 'Chiropractic treatment', '850'), (18, 'TRM-018', 'Dermatological treatment', '750'), (19, 'TRM-019', 'ENT treatment', '1200'), (20, 'TRM-020', 'Cardiac rehabilitation', '2000'), (21, 'TRM-021', 'Neurological therapy', '2200'), (22, 'TRM-022', 'Orthopedic treatment', '1800');

INSERT INTO "public"."fee" ("id", "fee_code", "fee_name", "fee_price") VALUES (1, 'FEE-001', 'Consultation Fee', '500'), (2, 'FEE-002', 'Registration Fee', '200'), (3, 'FEE-003', 'Follow-up Visit', '300'), (4, 'FEE-004', 'Emergency Service', '1500'), (5, 'FEE-005', 'Room Charge (General Ward)', '1000'), (6, 'FEE-006', 'Room Charge (Private Room)', '2500'), (7, 'FEE-007', 'ICU Charge', '5000'), (8, 'FEE-008', 'Medical Certificate', '150'), (9, 'FEE-009', 'Blood Test Fee', '400'), (10, 'FEE-010', 'X-Ray Fee', '800'), (11, 'FEE-011', 'MRI Scan', '6000'), (12, 'FEE-012', 'CT Scan', '4500'), (13, 'FEE-013', 'Injection Service', '250'), (14, 'FEE-014', 'Wound Dressing', '350'), (15, 'FEE-015', 'Ambulance Service', '2000'), (16, 'FEE-016', 'Vaccination Fee', '600'), (17, 'FEE-017', 'Health Checkup Package', '3000'), (18, 'FEE-018', 'Insurance Processing Fee', '250');

INSERT INTO "public"."medical_condition" ("id", "condition_code", "condition_name", "description") VALUES (1, 'MNT-001', 'Schizophrenia', 'severe mental disorder affecting how a person thinks, feels, and behaves, often causing a disconnection from reality. Symptoms include hallucinations, delusions, and disorganized speech.'), (2, 'DGS-001', 'Diarrhea', 'loose, watery stools, usually caused by viral gastroenteritis, bacteria, or parasites.'), (3, 'RSP-001', 'Asthma', 'a chronic, often lifelong, respiratory condition characterized by airway inflammation, narrowing, and mucus production, causing wheezing, shortness of breath, chest tightness, and coughing.'), (4, 'MNT-002', 'Depression', 'persistent feeling of sadness and loss of interest affecting daily functioning'), (5, 'MNT-003', 'Anxiety Disorder', 'excessive fear or worry that interferes with daily activities'), (6, 'DGS-002', 'Gastritis', 'inflammation of the stomach lining causing pain and nausea'), (7, 'DGS-003', 'Constipation', 'infrequent or difficult bowel movements often causing discomfort'), (8, 'RSP-002', 'Asthma', 'chronic condition causing airway inflammation and breathing difficulty'), (9, 'RSP-003', 'Bronchitis', 'inflammation of the bronchial tubes leading to cough and mucus production'), (10, 'CRD-001', 'Hypertension', 'high blood pressure increasing risk of heart disease and stroke'), (11, 'CRD-002', 'Coronary Artery Disease', 'narrowing of heart arteries reducing blood flow to the heart'), (12, 'NRL-001', 'Epilepsy', 'neurological disorder marked by recurrent seizures'), (13, 'NRL-002', 'Migraine', 'severe recurring headaches often accompanied by nausea and sensitivity to light'), (14, 'SKN-001', 'Eczema', 'skin condition causing itchy and inflamed patches'), (15, 'SKN-002', 'Acne', 'common skin condition involving clogged pores and pimples'), (16, 'END-001', 'Diabetes', 'metabolic disorder characterized by high blood sugar levels'), (17, 'END-002', 'Hypothyroidism', 'underactive thyroid gland leading to fatigue and weight gain'), (18, 'MUS-001', 'Arthritis', 'inflammation of joints causing pain and stiffness'), (19, 'MUS-002', 'Osteoporosis', 'weakening of bones increasing fracture risk'), (20, 'INF-001', 'Influenza', 'viral infection causing fever, aches, and respiratory symptoms'), (21, 'INF-002', 'Tuberculosis', 'bacterial infection affecting the lungs and spreading through air'), (22, 'MNT-004', 'Bipolar Disorder', 'mental condition with extreme mood swings between highs and lows'), (23, 'DGS-004', 'Peptic Ulcer', 'sores in the stomach lining causing burning pain');

INSERT INTO "public"."patient" ("id", "created_at",  "patient_name", "gender", "date_of_birth", "blood_type_id", "patient_code") VALUES (1, '2026-03-23 10:57:30.31923+00', 'William Young', 'Male', '1990-08-21', 4, 'PAT-001'), (2, '2026-03-08 10:57:30.319309+00', 'Deborah Patterson', 'Female', '1956-08-28', 3, 'PAT-002'), (3, '2026-03-21 11:31:32.545914+00', 'John Doe', 'Male', '2000-03-18', 4, 'PAT-003'), (4, '2026-02-28 10:57:30.319362+00', 'Carol Phillips', 'Male', '1983-05-23', 7, 'PAT-004'), (5, '2026-03-16 10:57:30.31938+00', 'Jason Reed', 'Female', '2005-12-12', 1, 'PAT-005'), (6, '2026-03-22 10:57:30.319398+00', 'Emily Davis', 'Female', '2005-06-18', 7, 'PAT-006'), (7, '2026-02-22 10:57:30.319415+00', 'Timothy Henderson', 'Male', '2007-01-16', 4, 'PAT-007'), (8, '2026-03-15 10:57:30.319432+00', 'Steven Stewart', 'Male', '1991-08-10', 3, 'PAT-008'), (9, '2026-03-02 10:57:30.319449+00', 'Joseph Robinson', 'Female', '1993-11-21', 6, 'PAT-009'), (10, '2026-03-19 10:57:30.319466+00', 'Emily Davis', 'Male', '1967-01-19', 1, 'PAT-010'), (11, '2026-03-03 10:57:30.319482+00', 'Donna Cooper', 'Male', '1955-05-23', 4, 'PAT-011'), (12, '2026-02-21 10:57:30.319503+00', 'Nancy Butler', 'Female', '1955-10-31', 7, 'PAT-012'), (13, '2026-03-08 10:57:30.319521+00', 'Sandra Gonzales', 'Male', '1974-03-18', 6, 'PAT-013'), (14, '2026-03-02 10:57:30.319538+00', 'Sandra Sullivan', 'Female', '1988-02-09', 9, 'PAT-014'), (15, '2026-03-18 10:57:30.319554+00', 'Ronald Wood', 'Female', '2002-04-19', 4, 'PAT-015'), (16, '2026-03-23 10:57:30.31957+00', 'Jason Gray', 'Male', '1971-12-18', 8, 'PAT-016'), (17, '2026-03-21 10:57:30.319609+00', 'Jason Reed', 'Female', '2013-10-24', 4, 'PAT-017'), (18, '2026-02-28 10:57:30.319631+00', 'Helen Knight', 'Male', '1970-04-24', 4, 'PAT-018'), (19, '2026-03-09 10:57:30.319649+00', 'Nancy Price', 'Female', '1994-10-18', 1, 'PAT-019'), (20, '2026-03-03 10:57:30.319678+00', 'Andrew Lewis', 'Male', '1977-03-21', 6, 'PAT-020'), (21, '2026-03-18 10:57:30.3197+00', 'Betty Cook', 'Male', '1957-02-12', 1, 'PAT-021'), (22, '2026-03-10 10:57:30.319729+00', 'William Young', 'Female', '2002-10-10', 8, 'PAT-022'), (23, '2026-03-19 10:57:30.319753+00', 'Nancy Butler', 'Male', '1969-11-13', 5, 'PAT-023'), (24, '2026-02-26 10:57:30.319783+00', 'Timothy Henderson', 'Male', '2005-07-05', 8, 'PAT-024'), (25, '2026-03-14 10:57:30.319804+00', 'Sandra Cruz', 'Male', '1953-10-27', 1, 'PAT-025'), (26, '2026-02-24 10:57:30.319822+00', 'Andrew Nguyen', 'Female', '1983-01-03', 4, 'PAT-026'), (27, '2026-02-21 10:57:30.319839+00', 'Ronald Wood', 'Female', '1973-08-15', 1, 'PAT-027'), (28, '2026-02-27 10:57:30.319856+00', 'Patricia Wright', 'Male', '1965-06-08', 8, 'PAT-028'), (29, '2026-02-25 10:57:30.319873+00', 'Kevin Kim', 'Female', '1955-12-11', 3, 'PAT-029'), (30, '2026-03-09 10:57:30.319889+00', 'Sandra Morgan', 'Female', '1966-03-27', 4, 'PAT-030'), (31, '2026-02-27 10:57:30.319906+00', 'Donald Torres', 'Female', '1979-10-11', 1, 'PAT-031'), (32, '2026-02-26 10:57:30.319922+00', 'Timothy Henderson', 'Female', '1965-08-18', 7, 'PAT-032'), (33, '2026-03-12 10:57:30.319938+00', 'Matthew Mitchell', 'Female', '2004-04-03', 1, 'PAT-033'), (34, '2026-03-10 10:57:30.319955+00', 'Ruth Morris', 'Male', '1994-07-15', 7, 'PAT-034'), (35, '2026-03-06 10:57:30.319972+00', 'Ashley Hill', 'Male', '2008-04-08', 3, 'PAT-035'), (36, '2026-03-11 10:57:30.320004+00', 'Timothy Diaz', 'Female', '1957-08-18', 8, 'PAT-036'), (37, '2026-02-23 10:57:30.320026+00', 'Sandra Coleman', 'Female', '1956-10-26', 8, 'PAT-037'), (38, '2026-02-23 10:57:30.320043+00', 'Mary Ortiz', 'Male', '1955-12-06', 1, 'PAT-038'), (39, '2026-03-16 10:57:30.32006+00', 'Sandra Gomez', 'Male', '1999-10-13', 3, 'PAT-039'), (40, '2026-03-08 10:57:30.320076+00', 'Edward Rivera', 'Male', '2015-08-19', 7, 'PAT-040'), (41, '2026-02-21 10:57:30.320093+00', 'Timothy Henderson', 'Male', '1997-11-03', 9, 'PAT-041'), (42, '2026-03-18 10:57:30.320109+00', 'Mark Evans', 'Female', '2014-04-13', 9, 'PAT-042'), (43, '2026-02-25 10:57:30.320145+00', 'Ruth Morris', 'Male', '1999-06-16', 7, 'PAT-043'), (44, '2026-03-12 10:57:30.320164+00', 'Deborah Morales', 'Female', '1971-08-13', 9, 'PAT-044'), (45, '2026-03-21 10:57:30.320191+00', 'Betty Cook', 'Male', '1960-10-23', 7, 'PAT-045'), (46, '2026-03-11 10:57:30.320213+00', 'Sharon Parker', 'Male', '2013-06-11', 6, 'PAT-046'), (47, '2026-03-05 10:57:30.320242+00', 'Helen Cox', 'Male', '1990-01-07', 7, 'PAT-047'), (48, '2026-03-19 10:57:30.320261+00', 'Mary Bailey', 'Male', '1967-09-14', 8, 'PAT-048'), (49, '2026-03-10 10:57:30.320279+00', 'Sandra Gutierrez', 'Male', '1980-07-30', 7, 'PAT-049'), (50, '2026-03-18 10:57:30.320296+00', 'Sarah Taylor', 'Female', '1954-12-21', 9, 'PAT-050'), (51, '2026-03-01 10:57:30.320313+00', 'Timothy Diaz', 'Female', '1982-04-12', 4, 'PAT-051'), (52, '2026-03-02 10:57:30.32033+00', 'Brian Perry', 'Male', '1957-10-02', 4, 'PAT-052'), (53, '2026-03-22 10:57:30.320347+00', 'Edward Powell', 'Female', '1954-02-22', 1, 'PAT-053'), (54, '2026-03-19 10:57:30.320377+00', 'Ashley Hill', 'Male', '1987-10-06', 8, 'PAT-054'), (55, '2026-03-22 10:57:30.320397+00', 'Timothy Henderson', 'Male', '1962-11-14', 9, 'PAT-055'), (56, '2026-03-14 10:57:30.320424+00', 'Jessica Martinez', 'Male', '1953-01-03', 4, 'PAT-056'), (57, '2026-02-25 10:57:30.320442+00', 'Jane Smith', 'Female', '1963-01-06', 3, 'PAT-057'), (58, '2026-03-19 10:57:30.320459+00', 'Joseph Robinson', 'Male', '1975-11-12', 6, 'PAT-058'), (59, '2026-03-11 10:57:30.320475+00', 'Dorothy Allen', 'Male', '1973-07-27', 9, 'PAT-059'), (60, '2026-03-23 10:57:30.320494+00', 'Betty Cook', 'Male', '1970-01-14', 1, 'PAT-060'), (61, '2026-03-02 10:57:30.320513+00', 'Sandra Gonzales', 'Male', '1952-10-02', 7, 'PAT-061'), (62, '2026-02-27 10:57:30.32053+00', 'Nancy Price', 'Male', '2002-02-27', 6, 'PAT-062'), (63, '2026-03-08 10:57:30.320546+00', 'Nancy Butler', 'Male', '1961-08-14', 4, 'PAT-063'), (64, '2026-03-20 10:57:30.320562+00', 'Paul Collins', 'Male', '1998-10-11', 9, 'PAT-064'), (65, '2026-03-16 10:57:30.320579+00', 'Kenneth Peterson', 'Female', '1963-08-02', 6, 'PAT-065'), (66, '2026-02-27 10:57:30.320595+00', 'Edward Jordan', 'Male', '1998-10-29', 8, 'PAT-066'), (67, '2026-03-12 10:57:30.320611+00', 'George Myers', 'Male', '2011-02-17', 3, 'PAT-067'), (68, '2026-03-05 10:57:30.320643+00', 'Lisa Murphy', 'Female', '2000-01-03', 4, 'PAT-068'), (69, '2026-03-15 10:57:30.320664+00', 'Paul Collins', 'Female', '1969-04-17', 4, 'PAT-069'), (70, '2026-03-04 10:57:30.320682+00', 'Donna Roberts', 'Female', '1992-01-19', 6, 'PAT-070'), (71, '2026-03-05 10:57:30.320699+00', 'Brian Kelly', 'Female', '1962-04-29', 9, 'PAT-071'), (72, '2026-02-27 10:57:30.320715+00', 'John Doe', 'Male', '1968-07-11', 5, 'PAT-072'), (73, '2026-03-09 10:57:30.320732+00', 'Kenneth Peterson', 'Male', '1954-11-09', 1, 'PAT-073'), (74, '2026-03-14 10:57:30.320749+00', 'Anthony Carter', 'Male', '1982-07-22', 7, 'PAT-074'), (75, '2026-03-13 10:57:30.320778+00', 'James White', 'Female', '1951-09-02', 7, 'PAT-075'), (76, '2026-02-22 10:57:30.320803+00', 'Carol Phillips', 'Male', '2011-02-12', 1, 'PAT-076'), (77, '2026-03-10 10:57:30.320831+00', 'Timothy Barbosa', 'Male', '1978-02-03', 8, 'PAT-077'), (78, '2026-03-07 10:57:30.320854+00', 'Ruth Morris', 'Male', '1971-03-09', 6, 'PAT-078'), (79, '2026-03-17 10:57:30.320873+00', 'Sandra Gomez', 'Male', '1964-12-20', 3, 'PAT-079'), (80, '2026-02-25 10:57:30.320902+00', 'Robert Garcia', 'Male', '1959-05-07', 4, 'PAT-080'), (81, '2026-03-22 10:57:30.320929+00', 'Michael Wilson', 'Female', '2009-06-03', 8, 'PAT-081'), (82, '2026-02-28 10:57:30.320951+00', 'Linda Anderson', 'Female', '1963-12-14', 1, 'PAT-082'), (83, '2026-02-24 10:57:30.320969+00', 'Sandra Adams', 'Male', '1998-01-11', 6, 'PAT-083'), (84, '2026-03-13 10:57:30.320995+00', 'Jane Smith', 'Male', '2005-09-30', 8, 'PAT-084'), (85, '2026-03-13 10:57:30.321019+00', 'Joseph Robinson', 'Female', '2003-08-03', 5, 'PAT-085'), (86, '2026-03-12 10:57:30.321038+00', 'Ronald Ross', 'Male', '1962-02-12', 4, 'PAT-086'), (87, '2026-03-07 10:57:30.321055+00', 'Emily Davis', 'Female', '1992-06-11', 7, 'PAT-087'), (88, '2026-03-15 10:57:30.321072+00', 'Ashley Hill', 'Female', '1986-12-23', 5, 'PAT-088'), (89, '2026-02-26 10:57:30.321088+00', 'Emily Davis', 'Female', '1993-08-02', 9, 'PAT-089'), (90, '2026-03-17 10:57:30.321104+00', 'Brian Alexander', 'Male', '1963-06-29', 6, 'PAT-090'), (91, '2026-03-17 10:57:30.321134+00', 'Karen Hall', 'Male', '1963-01-05', 9, 'PAT-091'), (92, '2026-03-11 10:57:30.321162+00', 'Margaret Clark', 'Female', '1969-08-06', 4, 'PAT-092'), (93, '2026-03-13 10:57:30.32119+00', 'George Barnes', 'Male', '1962-04-08', 5, 'PAT-093'), (94, '2026-03-21 10:57:30.321213+00', 'Lisa Murphy', 'Female', '1993-12-07', 7, 'PAT-094'), (95, '2026-03-03 10:57:30.321238+00', 'Sharon Parker', 'Male', '1955-06-19', 4, 'PAT-095'), (96, '2026-02-22 10:57:30.32126+00', 'Mary Ortiz', 'Male', '1975-01-21', 8, 'PAT-096'), (97, '2026-03-02 10:57:30.321287+00', 'Edward Brooks', 'Female', '1985-11-06', 6, 'PAT-097'), (98, '2026-03-18 10:57:30.321313+00', 'Kevin Bell', 'Female', '2010-07-01', 3, 'PAT-098'), (99, '2026-03-08 10:57:30.321341+00', 'Betty Cook', 'Female', '2010-06-30', 3, 'PAT-099'), (100, '2026-03-13 10:57:30.321362+00', 'Karen Hall', 'Female', '2005-02-04', 9, 'PAT-100');

INSERT INTO "public"."visit" ("id", "created_at", "patient_id", "visit_code", "visit_type", "reported_symptoms", "blood_pressure", "height", "weight", "temperature", "read_only") VALUES (1, '2025-12-24 13:02:22+00', 7, 'VST-001', 'IPD', 'Abdominal Pain', '102/90', '166', '109', '36.6', true), (2, '2024-12-19 13:02:22+00', 88, 'VST-002', 'OPD', 'Cough', '97/77', '161', '104', '36.2', true), (3, '2025-06-29 13:02:22+00', 12, 'VST-003', 'IPD', 'Vomiting', '137/75', '175', '79', '36.8', true), (4, '2025-03-30 13:02:22+00', 90, 'VST-004', 'IPD', 'Vomiting', '118/100', '156', '87', '38.6', true), (5, '2024-06-07 13:02:22+00', 6, 'VST-005', 'IPD', 'Heart Palpitations', '94/60', '162', '45', '38.7', true), (6, '2025-01-02 13:02:22+00', 5, 'VST-006', 'OPD', 'Fatigue', '109/69', '194', '78', '36.2', true), (7, '2024-11-10 13:02:22+00', 56, 'VST-007', 'IPD', 'Cough', '111/72', '165', '103', '38.2', true), (8, '2024-04-03 13:02:22+00', 95, 'VST-008', 'OPD', 'Shortness of Breath', '118/69', '169', '82', '39.2', true), (9, '2026-01-14 13:02:22+00', 20, 'VST-009', 'OPD', 'Headache', '95/90', '191', '82', '38.2', true), (10, '2025-11-01 13:02:22+00', 98, 'VST-010', 'OPD', 'Fatigue', '118/86', '152', '100', '37.4', true), (11, '2024-07-01 13:02:22+00', 56, 'VST-011', 'IPD', 'Abdominal Pain', '110/68', '166', '62', '37.8', true), (12, '2024-08-31 13:02:22+00', 14, 'VST-012', 'OPD', 'Shortness of Breath', '131/89', '184', '70', '37.1', true), (13, '2024-07-10 13:02:22+00', 26, 'VST-013', 'IPD', 'Abdominal Pain', '90/66', '168', '72', '37.5', true), (14, '2025-06-04 13:02:22+00', 50, 'VST-014', 'IPD', 'Back Pain', '140/86', '161', '57', '38.5', true), (15, '2025-05-25 13:02:22+00', 87, 'VST-015', 'IPD', 'Blurred Vision', '127/91', '154', '54', '37.0', true), (16, '2025-05-31 13:02:22+00', 32, 'VST-016', 'IPD', 'Diarrhea', '100/79', '164', '68', '37.6', true), (17, '2025-06-18 13:02:22+00', 30, 'VST-017', 'IPD', 'Headache', '106/73', '158', '89', '36.5', true), (18, '2024-09-15 13:02:22+00', 25, 'VST-018', 'IPD', 'Vomiting', '140/75', '187', '52', '36.3', true), (19, '2025-01-26 13:02:22+00', 37, 'VST-019', 'IPD', 'Shortness of Breath', '134/70', '157', '105', '38.1', true), (20, '2025-01-12 13:02:22+00', 24, 'VST-020', 'OPD', 'Fatigue', '140/78', '170', '108', '36.2', true), (21, '2025-09-22 13:02:22+00', 43, 'VST-021', 'IPD', 'Joint Pain', '111/98', '187', '63', '36.5', true), (22, '2025-10-12 13:02:22+00', 79, 'VST-022', 'OPD', 'Joint Pain', '126/62', '154', '79', '36.8', true), (23, '2024-12-27 13:02:22+00', 13, 'VST-023', 'IPD', 'Abdominal Pain', '138/100', '191', '72', '36.9', true), (24, '2025-11-07 13:02:22+00', 16, 'VST-024', 'IPD', 'Dizziness', '95/99', '158', '70', '37.6', true), (25, '2024-09-25 13:02:22+00', 25, 'VST-025', 'IPD', 'Shortness of Breath', '104/73', '182', '105', '39.3', true), (26, '2024-05-22 13:02:22+00', 77, 'VST-026', 'IPD', 'Fever', '104/80', '177', '53', '38.3', true), (27, '2025-08-17 13:02:22+00', 76, 'VST-027', 'IPD', 'High Blood Sugar', '105/93', '185', '61', '37.0', true), (28, '2025-03-04 13:02:22+00', 65, 'VST-028', 'OPD', 'Skin Rash', '134/100', '192', '64', '37.6', true), (29, '2025-03-13 13:02:22+00', 10, 'VST-029', 'OPD', 'Dizziness', '132/72', '161', '54', '38.1', true), (30, '2024-06-07 13:02:22+00', 72, 'VST-030', 'IPD', 'Sore Throat', '138/96', '159', '54', '37.8', true), (31, '2025-12-16 13:02:22+00', 94, 'VST-031', 'OPD', 'Shortness of Breath', '124/88', '157', '110', '39.2', true), (32, '2024-08-01 13:02:22+00', 58, 'VST-032', 'IPD', 'Fever', '104/81', '176', '110', '37.3', true), (33, '2025-07-03 13:02:22+00', 48, 'VST-033', 'OPD', 'Nausea', '119/74', '162', '108', '38.0', true), (34, '2025-12-11 13:02:22+00', 71, 'VST-034', 'OPD', 'Blurred Vision', '127/65', '172', '53', '37.8', true), (35, '2024-10-13 13:02:22+00', 70, 'VST-035', 'OPD', 'Diarrhea', '112/68', '186', '85', '36.6', true), (36, '2024-05-07 13:02:22+00', 7, 'VST-036', 'IPD', 'High Blood Sugar', '108/85', '188', '50', '36.9', true), (37, '2024-06-25 13:02:22+00', 68, 'VST-037', 'OPD', 'Joint Pain', '95/99', '178', '64', '37.1', true), (38, '2024-07-02 13:02:22+00', 52, 'VST-038', 'OPD', 'Back Pain', '120/76', '178', '81', '36.1', true), (39, '2024-07-28 13:02:22+00', 20, 'VST-039', 'IPD', 'Anxiety', '95/84', '150', '101', '38.1', true), (40, '2024-06-26 13:02:22+00', 52, 'VST-040', 'OPD', 'Vomiting', '114/87', '189', '96', '37.1', true), (41, '2025-02-10 13:02:22+00', 1, 'VST-041', 'OPD', 'Runny Nose', '110/72', '163', '60', '36.8', true), (42, '2025-02-14 13:02:22+00', 2, 'VST-042', 'OPD', 'Chest Pain', '145/92', '168', '72', '37.2', true), (43, '2025-02-18 13:02:22+00', 3, 'VST-043', 'IPD', 'High Fever', '130/85', '175', '80', '39.5', true), (44, '2025-02-20 13:02:22+00', 4, 'VST-044', 'OPD', 'Knee Pain', '120/78', '170', '90', '36.9', true), (45, '2025-02-25 13:02:22+00', 8, 'VST-045', 'OPD', 'Skin Rash', '115/75', '165', '68', '37.0', true), (46, '2025-03-01 13:02:22+00', 9, 'VST-046', 'IPD', 'Dizziness', '100/65', '158', '55', '38.2', true), (47, '2025-03-05 13:02:22+00', 11, 'VST-047', 'OPD', 'Fatigue', '112/70', '180', '85', '36.5', true), (48, '2025-03-09 13:02:22+00', 15, 'VST-048', 'OPD', 'Cough', '108/68', '162', '58', '37.8', true), (49, '2025-03-13 13:02:22+00', 17, 'VST-049', 'IPD', 'Abdominal Pain', '135/88', '155', '62', '38.0', true), (50, '2025-03-17 13:02:22+00', 18, 'VST-050', 'OPD', 'Headache', '125/80', '172', '75', '37.5', true), (51, '2025-03-21 13:02:22+00', 19, 'VST-051', 'OPD', 'Sore Throat', '118/76', '160', '64', '37.1', true), (52, '2025-03-25 13:02:22+00', 21, 'VST-052', 'IPD', 'Back Pain', '140/90', '178', '95', '38.6', true), (53, '2025-04-01 13:02:22+00', 22, 'VST-053', 'OPD', 'Nausea', '105/70', '155', '50', '36.7', true), (54, '2025-04-05 13:02:22+00', 23, 'VST-054', 'OPD', 'Joint Pain', '130/84', '168', '78', '37.3', true), (55, '2025-04-09 13:02:22+00', 27, 'VST-055', 'OPD', 'Diarrhea', '115/72', '164', '70', '37.9', true), (56, '2025-04-13 13:02:22+00', 28, 'VST-056', 'IPD', 'Shortness of Breath', '150/95', '182', '88', '39.1', true), (57, '2025-04-17 13:02:22+00', 29, 'VST-057', 'OPD', 'Eye Irritation', '108/68', '158', '60', '36.6', true), (58, '2025-04-21 13:02:22+00', 31, 'VST-058', 'OPD', 'Allergic Reaction', '120/79', '166', '72', '37.4', true), (59, '2025-04-25 13:02:22+00', 33, 'VST-059', 'IPD', 'High Blood Pressure', '162/102', '174', '83', '37.0', true), (60, '2025-04-29 13:02:22+00', 34, 'VST-060', 'OPD', 'Blurred Vision', '125/82', '170', '76', '36.8', true), (61, '2025-11-26 07:36:21+00', 5, 'VST-061', 'IPD', 'Abnormally fast heart rate', '150/120', '195', '80', '37', true);

INSERT INTO "public"."appointed_doctor" ("id", "visit_id", "appointed_doctor_code") VALUES (1, 1, 'ADH-001'), (2, 2, 'ADH-002'), (3, 3, 'ADH-003'), (4, 4, 'ADH-004'), (5, 5, 'ADH-005'), (6, 6, 'ADH-006'), (7, 7, 'ADH-007'), (8, 8, 'ADH-008'), (9, 9, 'ADH-009'), (10, 10, 'ADH-010'), (11, 11, 'ADH-011'), (12, 12, 'ADH-012'), (13, 13, 'ADH-013'), (14, 14, 'ADH-014'), (15, 15, 'ADH-015'), (16, 16, 'ADH-016'), (17, 17, 'ADH-017'), (18, 18, 'ADH-018'), (19, 19, 'ADH-019'), (20, 20, 'ADH-020'), (21, 21, 'ADH-021'), (22, 22, 'ADH-022'), (23, 23, 'ADH-023'), (24, 24, 'ADH-024'), (25, 25, 'ADH-025'), (26, 26, 'ADH-026'), (27, 27, 'ADH-027'), (28, 28, 'ADH-028'), (29, 29, 'ADH-029'), (30, 30, 'ADH-030'), (31, 31, 'ADH-031'), (32, 32, 'ADH-032'), (33, 33, 'ADH-033'), (34, 34, 'ADH-034'), (35, 35, 'ADH-035'), (36, 36, 'ADH-036'), (37, 37, 'ADH-037'), (38, 38, 'ADH-038'), (39, 39, 'ADH-039'), (40, 40, 'ADH-040');

INSERT INTO "public"."appointed_doctor_line" ("id", "appointed_doctor_id", "doctor_id", "notes") VALUES (1, 1, 1, null), (2, 1, 5, null), (3, 1, 11, null), (4, 2, 1, null), (5, 3, 15, null), (6, 3, 6, null), (7, 4, 13, null), (8, 5, 10, null), (9, 6, 20, null), (10, 7, 1, null), (11, 8, 5, null), (12, 8, 8, null), (13, 13, 14, null), (14, 9, 15, null), (15, 10, 19, null), (16, 10, 18, null), (17, 11, 5, null), (18, 12, 3, null), (19, 14, 2, null), (20, 15, 16, null), (21, 15, 11, null), (22, 16, 7, null), (23, 17, 4, null), (24, 17, 9, null), (25, 18, 12, null), (26, 19, 20, null), (27, 20, 6, null), (28, 21, 3, null), (29, 21, 15, null), (30, 22, 8, null), (31, 23, 13, null), (32, 24, 2, null), (33, 24, 16, null), (34, 25, 1, null), (35, 26, 17, null), (36, 27, 4, null), (37, 28, 9, null), (38, 29, 19, null), (39, 30, 20, null), (40, 31, 1, null), (41, 32, 5, 'due to following internal/external referral.'), (42, 33, 14, null), (43, 34, 7, null), (44, 34, 12, null), (45, 35, 3, null), (46, 36, 6, 'selected due to expertise in managing the condition'), (47, 37, 11, 'selected based on prior experience and familiarity with similar cases.'), (48, 38, 2, null), (49, 39, 18, 'to ensure continuity of care for ongoing treatment.'), (50, 40, 10, null), (51, 40, 13, null);

INSERT INTO "public"."prescription_chart" ("id", "visit_id", "prescription_chart_code") VALUES (1, 1, 'DPC-001'), (2, 2, 'DPC-002'), (3, 3, 'DPC-003'), (4, 4, 'DPC-004'), (5, 5, 'DPC-005'), (6, 6, 'DPC-006'), (7, 7, 'DPC-007'), (8, 8, 'DPC-008'), (9, 9, 'DPC-009'), (10, 10, 'DPC-010'), (11, 11, 'DPC-011'), (12, 12, 'DPC-012'), (13, 13, 'DPC-013'), (14, 14, 'DPC-014'), (15, 15, 'DPC-015'), (16, 16, 'DPC-016'), (17, 17, 'DPC-017'), (18, 18, 'DPC-018'), (19, 19, 'DPC-019'), (20, 20, 'DPC-020'), (21, 21, 'DPC-021'), (22, 22, 'DPC-022'), (23, 23, 'DPC-023'), (24, 24, 'DPC-024'), (25, 25, 'DPC-025'), (26, 26, 'DPC-026'), (27, 27, 'DPC-027'), (28, 28, 'DPC-028'), (29, 29, 'DPC-029'), (30, 30, 'DPC-030'), (31, 31, 'DPC-031'), (32, 32, 'DPC-032'), (33, 33, 'DPC-033'), (34, 34, 'DPC-034'), (35, 35, 'DPC-035'), (36, 36, 'DPC-036'), (37, 37, 'DPC-037'), (38, 38, 'DPC-038'), (39, 39, 'DPC-039'), (40, 40, 'DPC-040');

INSERT INTO "public"."prescription_chart_line" ("id", "prescription_chart_id", "medicine_id", "quantity", "dosage_notes") VALUES (1, 1, 1, '1', 'Apply twice daily after cleaning affected area'), (2, 1, 8, '1', 'Apply once daily after shower'), (3, 2, 2, '1', 'Take once daily before meals'), (4, 2, 8, '1', 'Take once daily in the morning'), (5, 3, 3, '1', 'Take twice daily after meals'), (6, 3, 14, '1', 'Take every 6 hours as needed for pain'), (7, 4, 4, '2', 'Take twice daily for 7 days'), (8, 5, 5, '1', 'Take once daily for 3 days'), (9, 5, 20, '1', 'Take twice daily for 5 days'), (10, 6, 6, '1', 'Take twice daily after meals'), (11, 7, 7, '1', 'Take once daily with food'), (12, 7, 11, '1', 'Take twice daily'), (13, 8, 10, '1', 'Apply once daily to affected area'), (14, 9, 12, '1', 'Take once daily in the evening'), (15, 9, 2, '1', 'Take once daily'), (16, 10, 13, '1', 'Apply twice daily'), (17, 11, 15, '1', 'Take single dose as prescribed'), (18, 11, 16, '1', 'Take single dose'), (19, 12, 18, '1', 'Take twice daily for infection'), (20, 13, 19, '1', 'Take once daily after meals'), (21, 13, 17, '1', 'Take every 8 hours as needed'), (22, 14, 20, '2', 'Take three times daily for 5 days'), (23, 15, 3, '1', 'Take twice daily after meals'), (24, 15, 14, '1', 'Take every 6 hours if needed'), (25, 16, 1, '1', 'Apply twice daily'), (26, 16, 10, '1', 'Apply once daily'), (27, 17, 2, '1', 'Take once daily'), (28, 17, 12, '1', 'Take once daily at night'), (29, 18, 4, '2', 'Take twice daily for 7 days'), (30, 18, 18, '1', 'Take twice daily'), (31, 19, 5, '1', 'Take once daily'), (32, 19, 7, '1', 'Take once daily with food'), (33, 20, 14, '1', 'Take every 6 hours for pain'), (34, 20, 19, '1', 'Take once daily after meals'), (35, 21, 3, '2', 'Take twice daily after meals'), (36, 21, 8, '1', 'Take once in the morning'), (37, 22, 6, '1', 'Take twice daily'), (38, 23, 11, '1', 'Take once daily'), (39, 23, 20, '1', 'Take twice daily for 5 days'), (40, 24, 2, '1', 'Take once daily before meals'), (41, 25, 14, '2', 'Take every 6 hours'), (42, 25, 17, '1', 'Take once at night'), (43, 26, 4, '1', 'Take twice daily for 7 days'), (44, 27, 9, '1', 'Apply once daily'), (45, 28, 5, '1', 'Take once daily'), (46, 28, 12, '1', 'Take at bedtime'), (47, 29, 7, '2', 'Take once daily with food'), (48, 30, 3, '1', 'Take twice daily after meals'), (49, 30, 18, '1', 'Take twice daily'), (50, 31, 1, '1', 'Apply twice daily'), (51, 32, 13, '1', 'Apply once daily'), (52, 33, 19, '1', 'Take once daily after meals'), (53, 34, 14, '1', 'Take every 6 hours as needed'), (54, 35, 2, '1', 'Take once daily'), (55, 36, 10, '1', 'Apply once daily'), (56, 37, 20, '2', 'Take twice daily for 5 days'), (57, 38, 6, '1', 'Take twice daily after meals'), (58, 39, 15, '1', 'Take single dose as prescribed'), (59, 40, 4, '2', 'Take twice daily for 7 days');

INSERT INTO "public"."treatment_chart" ("id", "visit_id", "treatment_chart_code") VALUES (1, 1, 'DDC-001'), (2, 2, 'DDC-002'), (3, 3, 'DDC-003'), (4, 4, 'DDC-004'), (5, 5, 'DDC-005'), (6, 6, 'DDC-006'), (7, 7, 'DDC-007'), (8, 8, 'DDC-008'), (9, 9, 'DDC-009'), (10, 10, 'DDC-010'), (11, 11, 'DDC-011'), (12, 12, 'DDC-012'), (13, 13, 'DDC-013'), (14, 14, 'DDC-014'), (15, 15, 'DDC-015'), (16, 16, 'DDC-016'), (17, 17, 'DDC-017'), (18, 18, 'DDC-018'), (19, 19, 'DDC-019'), (20, 20, 'DDC-020'), (21, 21, 'DDC-021'), (22, 22, 'DDC-022'), (23, 23, 'DDC-023'), (24, 24, 'DDC-024'), (25, 25, 'DDC-025'), (26, 26, 'DDC-026'), (27, 27, 'DDC-027'), (28, 28, 'DDC-028'), (29, 29, 'DDC-029'), (30, 30, 'DDC-030'), (31, 31, 'DDC-031'), (32, 32, 'DDC-032'), (33, 33, 'DDC-033'), (34, 34, 'DDC-034'), (35, 35, 'DDC-035'), (36, 36, 'DDC-036'), (37, 37, 'DDC-037'), (38, 38, 'DDC-038'), (39, 39, 'DDC-039'), (40, 40, 'DDC-040');

INSERT INTO "public"."treatment_chart_line" ("id", "treatment_chart_id", "created_at", "treatment_id", "quantity", "notes") VALUES (1, 1, '2025-12-24 13:53:22', 5, '1', null), (2, 1, '2025-12-24 13:51:22', 1, '1', null), (3, 2, '2024-12-19 13:35:22', 6, '1', null), (4, 3, '2025-06-29 13:22:22', 4, '1', null), (5, 4, '2025-03-30 13:41:22', 8, '2', null), (6, 5, '2024-06-07 13:38:22', 3, '1', null), (7, 6, '2025-01-02 14:09:22', 13, '3', null), (8, 7, '2024-11-10 13:12:22', 1, '2', null), (9, 7, '2024-11-10 13:47:22', 14, '2', null), (10, 8, '2024-04-03 14:00:22', 10, '2', null), (11, 9, '2026-01-14 13:54:22', 11, '1', null), (12, 10, '2025-11-01 14:11:22', 12, '1', null), (13, 11, '2024-07-01 13:13:22', 16, '2', null), (14, 12, '2024-08-31 13:19:22', 18, '1', null), (15, 13, '2024-07-10 13:19:22', 19, '1', null), (16, 13, '2024-07-10 13:06:22', 20, '2', null), (17, 14, '2025-06-04 13:12:22', 7, '2', null), (18, 15, '2025-05-25 13:09:22', 9, '2', null), (19, 16, '2025-05-31 13:20:22', 21, '2', null), (20, 17, '2025-06-18 13:30:22', 22, '1', null), (21, 18, '2024-09-15 13:04:22', 2, '2', null), (22, 19, '2025-01-26 13:08:22', 15, '1', null), (23, 20, '2025-01-12 13:06:22', 17, '2', null), (24, 21, '2025-09-22 13:15:22', 1, '1', null), (25, 22, '2025-10-12 13:20:22', 6, '1', null), (26, 23, '2024-12-27 13:10:22', 4, '1', null), (27, 24, '2025-11-07 13:25:22', 16, '1', null), (28, 25, '2024-09-25 13:30:22', 11, '2', null), (29, 26, '2024-05-22 13:18:22', 3, '1', null), (30, 27, '2025-08-17 13:40:22', 8, '1', null), (31, 28, '2025-03-04 13:22:22', 18, '2', null), (32, 29, '2024-01-13 13:35:22', 21, '1', null), (33, 30, '2024-02-07 13:50:22', 9, '2', null), (34, 31, '2025-02-16 13:12:22', 11, '1', null), (35, 32, '2024-03-01 13:28:22', 5, '1', null), (36, 33, '2025-03-03 13:45:22', 15, '1', 'Included extra monitoring due to patient risk factors.'), (37, 34, '2025-03-11 13:20:22', 7, '2', null), (38, 35, '2024-03-13 13:33:22', 13, '1', null), (39, 36, '2024-04-07 13:15:22', 22, '1', null), (40, 37, '2024-04-25 13:42:22', 4, '2', 'Extended duration due to limited response to standard session.'), (41, 38, '2024-05-02 13:08:22', 1, '1', null), (42, 39, '2024-05-28 13:55:22', 16, '1', 'Required based on worsening clinical signs noted during examination.'), (43, 40, '2024-06-26 13:27:22', 6, '2', null), (44, 40, '2024-06-26 13:30:22', 19, '1', 'Adjusted protocol to accommodate patient’s comorbid condition.'), (45, 21, '2025-09-22 13:35:22', 14, '1', null), (46, 22, '2025-10-12 13:50:22', 2, '1', null);

INSERT INTO "public"."diagnosis_chart" ("id", "visit_id", "diagnosis_chart_code") VALUES (1, 1, 'DDC-001'), (2, 2, 'DDC-002'), (3, 3, 'DDC-003'), (4, 4, 'DDC-004'), (5, 5, 'DDC-005'), (6, 6, 'DDC-006'), (7, 7, 'DDC-007'), (8, 8, 'DDC-008'), (9, 9, 'DDC-009'), (10, 10, 'DDC-010'), (11, 11, 'DDC-011'), (12, 12, 'DDC-012'), (13, 13, 'DDC-013'), (14, 14, 'DDC-014'), (15, 15, 'DDC-015'), (16, 16, 'DDC-016'), (17, 17, 'DDC-017'), (18, 18, 'DDC-018'), (19, 19, 'DDC-019'), (20, 20, 'DDC-020'), (21, 21, 'DDC-021'), (22, 22, 'DDC-022'), (23, 23, 'DDC-023'), (24, 24, 'DDC-024'), (25, 25, 'DDC-025'), (26, 26, 'DDC-026'), (27, 27, 'DDC-027'), (28, 28, 'DDC-028'), (29, 29, 'DDC-029'), (30, 30, 'DDC-030'), (31, 31, 'DDC-031'), (32, 32, 'DDC-032'), (33, 33, 'DDC-033'), (34, 34, 'DDC-034'), (35, 35, 'DDC-035'), (36, 36, 'DDC-036'), (37, 37, 'DDC-037'), (38, 38, 'DDC-038'), (39, 39, 'DDC-039'), (40, 40, 'DDC-040');

INSERT INTO "public"."diagnosis_chart_line" ("id", "diagnosis_chart_id", "created_at", "medical_condition_id") VALUES (1, 1, '2025-12-24 13:18:22', 1), (2, 2, '2024-12-19 13:14:22', 8), (4, 2, '2024-12-19 13:16:22', 2), (5, 3, '2025-06-29 13:13:22', 8), (6, 3, '2025-06-29 13:07:22', 20), (8, 4, '2025-03-30 13:27:22', 18), (10, 5, '2024-06-07 13:27:22', 6), (11, 6, '2025-01-02 13:31:22', 2), (12, 6, '2025-01-02 13:17:22', 2), (13, 7, '2024-11-10 13:06:22', 12), (14, 8, '2024-04-03 13:12:22', 13), (15, 9, '2026-01-14 13:02:22', 15), (16, 16, '2025-05-31 13:14:22', 19), (18, 10, '2025-11-01 13:28:22', 3), (19, 11, '2024-07-01 13:10:22', 18), (20, 12, '2024-08-31 13:15:22', 9), (21, 13, '2024-07-10 13:20:22', 6), (22, 14, '2025-06-04 13:05:22', 14), (23, 15, '2025-05-25 13:12:22', 2), (24, 17, '2025-06-18 13:08:22', 13), (25, 18, '2024-09-15 13:22:22', 20), (26, 19, '2025-01-26 13:30:22', 3), (27, 20, '2025-01-12 13:15:22', 16), (28, 21, '2025-09-22 13:18:22', 18), (29, 22, '2025-10-12 13:25:22', 11), (30, 23, '2024-12-27 13:09:22', 6), (31, 24, '2025-11-07 13:20:22', 10), (32, 25, '2024-09-25 13:35:22', 3), (33, 26, '2024-05-22 13:15:22', 20), (34, 27, '2025-08-17 13:22:22', 16), (35, 28, '2025-03-04 13:18:22', 14), (36, 29, '2025-03-13 13:28:22', 10), (37, 30, '2024-06-07 13:40:22', 8), (38, 31, '2025-12-16 13:10:22', 3), (39, 32, '2024-08-01 13:22:22', 20), (40, 33, '2025-07-03 13:35:22', 7), (41, 34, '2025-12-11 13:15:22', 2), (42, 35, '2024-10-13 13:28:22', 1), (43, 36, '2024-05-07 13:12:22', 16), (44, 37, '2024-06-25 13:38:22', 11), (45, 38, '2024-07-02 13:05:22', 4), (46, 39, '2024-07-28 13:48:22', 5), (47, 40, '2024-06-26 13:20:22', 7), (48, 1, '2025-12-24 13:25:22', 10), (49, 5, '2024-06-07 13:32:22', 3);

INSERT INTO "public"."patient_bill" ("id", "visit_id", "bill_code", "tax") VALUES (1, 1, 'BLL-001', '7'), (2, 2, 'BLL-002', '7'), (3, 3, 'BLL-003', '7'), (4, 4, 'BLL-004', '7'), (5, 5, 'BLL-005', '7'), (6, 6, 'BLL-006', '7'), (7, 7, 'BLL-007', '7'), (8, 8, 'BLL-008', '7'), (9, 9, 'BLL-009', '7'), (10, 10, 'BLL-010', '7'), (11, 11, 'BLL-011', '7'), (12, 12, 'BLL-012', '7'), (13, 13, 'BLL-013', '7'), (14, 14, 'BLL-014', '7'), (15, 15, 'BLL-015', '7'), (16, 16, 'BLL-016', '7'), (17, 17, 'BLL-017', '7'), (18, 18, 'BLL-018', '7'), (19, 19, 'BLL-019', '7'), (20, 20, 'BLL-020', '7'), (21, 21, 'BLL-021', '7'), (22, 22, 'BLL-022', '7'), (23, 23, 'BLL-023', '7'), (24, 24, 'BLL-024', '7'), (25, 25, 'BLL-025', '7'), (26, 26, 'BLL-026', '7'), (27, 27, 'BLL-027', '7'), (28, 28, 'BLL-028', '7'), (29, 29, 'BLL-029', '7'), (30, 30, 'BLL-030', '7'), (31, 31, 'BLL-031', '7'), (32, 32, 'BLL-032', '7'), (33, 33, 'BLL-033', '7'), (34, 34, 'BLL-034', '7'), (35, 35, 'BLL-035', '7'), (36, 36, 'BLL-036', '7'), (37, 37, 'BLL-037', '7'), (38, 38, 'BLL-038', '7'), (39, 39, 'BLL-039', '7'), (40, 40, 'BLL-040', '7'), (61, 61, 'BLL-061', '7');

INSERT INTO "public"."patient_bill_line" ("id", "bill_header_id", "treatment_chart_line_id", "prescription_chart_line_id", "fee_id", "charge_type") VALUES (3, 1, null, 1, null, 'Medicine'), (4, 1, null, 2, null, 'Medicine'), (7, 1, 1, null, null, 'Treatment'), (8, 1, 2, null, null, 'Treatment'), (9, 1, null, null, 2, 'Fee'), (10, 2, null, 3, null, 'Medicine'), (11, 2, null, 4, null, 'Medicine'), (12, 2, 3, null, null, 'Treatment'), (13, 2, null, null, 2, 'Fee'), (14, 3, null, 5, null, 'Medicine'), (15, 3, null, 6, null, 'Medicine'), (16, 3, 4, null, null, 'Treatment'), (17, 3, null, null, 15, 'Fee'), (18, 4, null, 7, null, 'Medicine'), (19, 4, 5, null, null, 'Treatment'), (20, 4, null, null, 1, 'Fee'), (21, 5, null, 8, null, 'Medicine'), (22, 5, null, 9, null, 'Medicine'), (23, 5, null, 8, null, 'Medicine'), (24, 5, null, 9, null, 'Medicine'), (25, 5, 6, null, null, 'Treatment'), (26, 5, null, null, 5, 'Fee'), (27, 6, null, 10, null, 'Medicine'), (28, 6, 7, null, null, 'Treatment'), (29, 6, null, null, 2, 'Fee'), (30, 7, null, 11, null, 'Medicine'), (31, 7, null, 12, null, 'Medicine'), (32, 7, 8, null, null, 'Treatment'), (33, 7, 9, null, null, 'Treatment'), (34, 7, null, null, 1, 'Fee'), (35, 8, null, 13, null, 'Medicine'), (36, 8, 10, null, null, 'Treatment'), (37, 8, null, null, 9, 'Fee'), (38, 9, null, 14, null, 'Medicine'), (39, 9, null, 15, null, 'Medicine'), (40, 9, 11, null, null, 'Treatment'), (41, 9, null, null, 3, 'Fee'), (42, 10, null, 16, null, 'Medicine'), (43, 10, 12, null, null, 'Treatment'), (44, 10, null, null, 2, 'Fee'), (45, 11, null, 17, null, 'Medicine'), (46, 11, null, 18, null, 'Medicine'), (47, 11, 13, null, null, 'Treatment'), (48, 11, null, null, 16, 'Fee'), (49, 12, null, 19, null, 'Medicine'), (50, 12, 14, null, null, 'Treatment'), (51, 12, null, null, 8, 'Fee'), (52, 13, null, 20, null, 'Medicine'), (53, 13, null, 21, null, 'Medicine'), (54, 13, 15, null, null, 'Treatment'), (55, 13, 16, null, null, 'Treatment'), (56, 13, null, null, 4, 'Fee'), (57, 14, null, 22, null, 'Medicine'), (58, 14, 17, null, null, 'Treatment'), (59, 14, null, null, 1, 'Fee'), (60, 15, null, 23, null, 'Medicine'), (61, 15, null, 24, null, 'Medicine'), (62, 15, 18, null, null, 'Treatment'), (63, 15, null, null, 2, 'Fee'), (64, 16, null, 25, null, 'Medicine'), (65, 16, null, 26, null, 'Medicine'), (66, 16, 19, null, null, 'Treatment'), (67, 16, null, null, 17, 'Fee'), (68, 17, null, 27, null, 'Medicine'), (69, 17, null, 28, null, 'Medicine'), (70, 17, 20, null, null, 'Treatment'), (71, 17, null, null, 5, 'Fee'), (72, 18, null, 29, null, 'Medicine'), (73, 18, null, 30, null, 'Medicine'), (74, 18, 21, null, null, 'Treatment'), (75, 18, null, null, 2, 'Fee'), (76, 19, null, 31, null, 'Medicine'), (77, 19, null, 32, null, 'Medicine'), (78, 19, 22, null, null, 'Treatment'), (79, 19, null, null, 3, 'Fee'), (80, 20, null, 33, null, 'Medicine'), (81, 20, null, 34, null, 'Medicine'), (82, 20, 23, null, null, 'Treatment'), (83, 20, null, null, 1, 'Fee'), (84, 21, null, 35, null, 'Medicine'), (85, 21, null, 36, null, 'Medicine'), (86, 21, 24, null, null, 'Treatment'), (87, 21, 45, null, null, 'Treatment'), (88, 21, null, null, 2, 'Fee'), (89, 22, null, 37, null, 'Medicine'), (90, 22, 25, null, null, 'Treatment'), (91, 22, 46, null, null, 'Treatment'), (92, 22, null, null, 14, 'Fee'), (93, 23, null, 38, null, 'Medicine'), (94, 23, null, 39, null, 'Medicine'), (95, 23, 26, null, null, 'Treatment'), (96, 23, null, null, 4, 'Fee'), (97, 24, null, 40, null, 'Medicine'), (98, 24, 27, null, null, 'Treatment'), (99, 24, null, null, 7, 'Fee'), (100, 25, null, 41, null, 'Medicine'), (101, 25, null, 42, null, 'Medicine'), (102, 25, 28, null, null, 'Treatment'), (103, 25, null, null, 2, 'Fee');

INSERT INTO "public"."transaction_header" ("id", "bill_id", "transaction_code", "created_at") VALUES (1, 1, 'TSC-001', '2025-12-25 09:14:33+00'), (2, 2, 'TSC-002', '2024-12-20 16:45:10+00'), (3, 3, 'TSC-003', '2025-06-30 08:22:47+00'), (4, 4, 'TSC-004', '2025-03-31 19:05:12+00'), (5, 5, 'TSC-005', '2024-06-08 11:33:56+00'), (6, 6, 'TSC-006', '2025-01-03 14:18:29+00'), (7, 7, 'TSC-007', '2024-11-11 07:55:41+00'), (8, 8, 'TSC-008', '2024-04-04 20:12:08+00'), (9, 9, 'TSC-009', '2026-01-15 10:40:22+00'), (10, 10, 'TSC-010', '2025-11-02 15:27:35+00'), (11, 11, 'TSC-011', '2024-07-02 06:49:58+00'), (12, 12, 'TSC-012', '2024-09-01 18:21:44+00'), (13, 13, 'TSC-013', '2024-07-11 12:05:19+00'), (14, 14, 'TSC-014', '2025-06-05 09:58:03+00'), (15, 15, 'TSC-015', '2025-05-26 17:36:27+00'), (16, 16, 'TSC-016', '2025-06-01 13:47:51+00'), (17, 17, 'TSC-017', '2025-06-19 08:11:09+00'), (18, 18, 'TSC-018', '2024-09-16 21:03:42+00'), (19, 19, 'TSC-019', '2025-01-27 10:29:55+00'), (20, 20, 'TSC-020', '2025-01-13 11:15:00+00'), (21, 21, 'TSC-021', '2025-09-23 09:00:00+00'), (22, 22, 'TSC-022', '2025-10-13 10:30:00+00'), (23, 23, 'TSC-023', '2024-12-28 08:45:00+00'), (24, 24, 'TSC-024', '2025-11-08 14:00:00+00'), (25, 25, 'TSC-025', '2024-09-26 11:20:00+00'), (26, 26, 'TSC-026', '2024-05-23 09:10:00+00'), (27, 27, 'TSC-027', '2025-08-18 10:00:00+00'), (28, 28, 'TSC-028', '2024-01-05 13:30:00+00'), (29, 29, 'TSC-029', '2024-01-14 09:45:00+00'), (30, 30, 'TSC-030', '2024-02-08 14:00:00+00'), (31, 31, 'TSC-031', '2024-02-17 10:15:00+00'), (32, 32, 'TSC-032', '2024-03-02 11:00:00+00'), (33, 33, 'TSC-033', '2024-03-04 09:30:00+00'), (34, 34, 'TSC-034', '2024-03-12 10:00:00+00'), (35, 35, 'TSC-035', '2024-04-14 13:20:00+00'), (36, 36, 'TSC-036', '2024-05-08 09:00:00+00'), (37, 37, 'TSC-037', '2024-06-26 10:45:00+00'), (38, 38, 'TSC-038', '2024-07-03 14:30:00+00'), (39, 39, 'TSC-039', '2025-07-29 09:15:00+00'), (40, 40, 'TSC-040', '2025-06-27 10:00:00+00');

INSERT INTO "public"."transaction_line" ("id", "transaction_header_id", "transaction_line_code", "transaction_type", "amount") VALUES (1, 1, 'CSH-001', 'Cash', '5000.00'), (2, 1, 'CC-001', 'Credit Card', '20000.00'), (3, 2, 'DC-001', 'Debit Card', '10000.00'), (4, 3, 'DW-001', 'Digital Wallet', '7500.00'), (5, 4, 'CSH-002', 'Cash', '9000.00'), (6, 5, 'CC-002', 'Credit Card', '12000.00'), (7, 5, 'DW-002', 'Digital Wallet', '3000.00'), (8, 6, 'CSH-003', 'Cash', '4000.00'), (9, 7, 'DC-002', 'Debit Card', '8500.00'), (10, 7, 'CC-003', 'Credit Card', '5000.00'), (11, 8, 'DW-003', 'Digital Wallet', '6000.00'), (12, 9, 'CSH-004', 'Cash', '7000.00'), (13, 9, 'DC-003', 'Debit Card', '3000.00'), (14, 10, 'CC-004', 'Credit Card', '15000.00'), (15, 11, 'DW-004', 'Digital Wallet', '4500.00'), (16, 11, 'CSH-005', 'Cash', '2500.00'), (17, 12, 'DC-004', 'Debit Card', '11000.00'), (18, 13, 'CSH-006', 'Cash', '5000.00'), (19, 13, 'CC-005', 'Credit Card', '8000.00'), (20, 14, 'DW-005', 'Digital Wallet', '9500.00'), (21, 15, 'DC-005', 'Debit Card', '7000.00'), (22, 15, 'CSH-007', 'Cash', '2000.00'), (23, 16, 'CC-006', 'Credit Card', '13000.00'), (24, 17, 'DW-006', 'Digital Wallet', '4000.00'), (25, 17, 'DC-006', 'Debit Card', '6000.00'), (26, 18, 'CSH-008', 'Cash', '3000.00'), (27, 18, 'CC-007', 'Credit Card', '9000.00'), (28, 19, 'DW-007', 'Digital Wallet', '10000.00'), (29, 20, 'CSH-009', 'Cash', '6500.00'), (30, 21, 'CC-008', 'Credit Card', '11000.00'), (31, 22, 'DW-008', 'Digital Wallet', '5500.00'), (32, 22, 'DC-007', 'Debit Card', '4500.00'), (33, 23, 'CSH-010', 'Cash', '7000.00'), (34, 24, 'CC-009', 'Credit Card', '9500.00'), (35, 24, 'DW-009', 'Digital Wallet', '3500.00'), (36, 25, 'DC-008', 'Debit Card', '12000.00'), (37, 26, 'CSH-011', 'Cash', '4000.00'), (38, 27, 'CC-010', 'Credit Card', '8000.00'), (39, 28, 'DW-010', 'Digital Wallet', '6000.00'), (40, 29, 'CSH-012', 'Cash', '5500.00'), (41, 30, 'DC-009', 'Debit Card', '7500.00'), (42, 30, 'CC-011', 'Credit Card', '4500.00'), (43, 31, 'DW-011', 'Digital Wallet', '9000.00'), (44, 32, 'CSH-013', 'Cash', '11000.00'), (45, 33, 'CC-012', 'Credit Card', '6500.00'), (46, 34, 'DW-012', 'Digital Wallet', '4000.00'), (47, 35, 'DC-010', 'Debit Card', '8500.00'), (48, 36, 'CSH-014', 'Cash', '5000.00'), (49, 37, 'CC-013', 'Credit Card', '7000.00'), (50, 38, 'DW-013', 'Digital Wallet', '9500.00'), (51, 39, 'DC-011', 'Debit Card', '6000.00'), (52, 39, 'CSH-015', 'Cash', '3000.00'), (53, 40, 'CC-014', 'Credit Card', '10000.00'), (54, 40, 'DW-014', 'Digital Wallet', '2000.00');

-- ============================================================
-- Additional visit-focused seed data (visits 62-121 + related
-- charts, bills, transactions). Continues IDs/codes above.
-- ============================================================

INSERT INTO "public"."visit" ("id", "created_at", "patient_id", "visit_code", "visit_type", "reported_symptoms", "blood_pressure", "height", "weight", "temperature") VALUES
(62, '2025-11-06 16:46:00', 70, 'VST-062', 'OPD', 'Dizziness', '154/84', '162.0', '105.0', '38.4'),
(63, '2025-09-09 17:27:00', 76, 'VST-063', 'IPD', 'Skin Rash', '141/74', '195.0', '54.0', '37.7'),
(64, '2024-12-24 12:32:00', 12, 'VST-064', 'OPD', 'High Blood Sugar', '108/100', '163.0', '87.0', '38.1'),
(65, '2024-09-25 10:08:00', 5, 'VST-065', 'IPD', 'Runny Nose', '116/76', '174.0', '84.0', '39.4'),
(66, '2024-04-03 08:55:00', 4, 'VST-066', 'OPD', 'Headache', '160/75', '163.0', '77.0', '37.9'),
(67, '2024-07-06 12:29:00', 30, 'VST-067', 'OPD', 'Headache', '151/95', '154.0', '87.0', '37.9'),
(68, '2025-04-02 17:47:00', 16, 'VST-068', 'IPD', 'Cough', '135/63', '152.0', '76.0', '39.2'),
(69, '2026-03-15 13:59:00', 56, 'VST-069', 'OPD', 'Fever', '153/99', '195.0', '110.0', '36.3'),
(70, '2024-12-18 10:17:00', 1, 'VST-070', 'OPD', 'Allergic Reaction', '121/105', '165.0', '90.0', '39.0'),
(71, '2025-10-18 10:27:00', 28, 'VST-071', 'OPD', 'Cough', '134/83', '190.0', '97.0', '39.0'),
(72, '2024-08-08 11:52:00', 7, 'VST-072', 'OPD', 'Vomiting', '134/74', '160.0', '88.0', '37.4'),
(73, '2025-04-09 08:45:00', 5, 'VST-073', 'OPD', 'Fever', '120/83', '169.0', '107.0', '39.2'),
(74, '2025-11-07 16:30:00', 1, 'VST-074', 'IPD', 'Dizziness', '105/78', '173.0', '86.0', '37.2'),
(75, '2024-03-21 08:57:00', 16, 'VST-075', 'OPD', 'Chest Pain', '123/71', '186.0', '90.0', '37.6'),
(76, '2024-05-11 13:57:00', 78, 'VST-076', 'IPD', 'Headache', '112/69', '160.0', '90.0', '38.5'),
(77, '2025-07-16 08:24:00', 52, 'VST-077', 'OPD', 'Skin Rash', '116/89', '191.0', '109.0', '37.9'),
(78, '2025-01-12 11:41:00', 52, 'VST-078', 'OPD', 'Cough', '98/75', '159.0', '46.0', '36.5'),
(79, '2025-11-20 09:50:00', 20, 'VST-079', 'IPD', 'Cough', '139/94', '169.0', '69.0', '37.8'),
(80, '2025-04-25 15:36:00', 7, 'VST-080', 'IPD', 'Skin Rash', '138/61', '172.0', '66.0', '37.7'),
(81, '2025-06-16 16:33:00', 4, 'VST-081', 'OPD', 'Chest Pain', '137/82', '182.0', '63.0', '36.9'),
(82, '2024-09-10 10:40:00', 30, 'VST-082', 'OPD', 'Abdominal Pain', '96/96', '163.0', '76.0', '37.2'),
(83, '2025-05-28 17:27:00', 25, 'VST-083', 'OPD', 'Diarrhea', '102/99', '193.0', '51.0', '38.7'),
(84, '2026-05-22 11:27:00', 56, 'VST-084', 'OPD', 'Anxiety', '123/101', '157.0', '62.0', '36.5'),
(85, '2026-05-19 08:48:00', 25, 'VST-085', 'IPD', 'Joint Pain', '100/71', '171.0', '87.0', '39.2'),
(86, '2024-07-28 16:52:00', 88, 'VST-086', 'OPD', 'Anxiety', '154/86', '152.0', '79.0', '38.2'),
(87, '2024-08-04 18:53:00', 98, 'VST-087', 'OPD', 'Runny Nose', '132/92', '182.0', '72.0', '37.7'),
(88, '2025-04-23 11:36:00', 16, 'VST-088', 'OPD', 'Shortness of Breath', '147/62', '164.0', '76.0', '39.2'),
(89, '2025-07-11 18:45:00', 16, 'VST-089', 'OPD', 'Anxiety', '99/99', '153.0', '86.0', '39.2'),
(90, '2024-03-06 09:39:00', 72, 'VST-090', 'OPD', 'Allergic Reaction', '125/91', '191.0', '54.0', '37.6'),
(91, '2026-04-09 08:36:00', 7, 'VST-091', 'IPD', 'Cough', '158/78', '185.0', '60.0', '38.8'),
(92, '2025-05-24 13:51:00', 98, 'VST-092', 'OPD', 'Blurred Vision', '104/69', '184.0', '60.0', '38.4'),
(93, '2025-09-11 17:14:00', 16, 'VST-093', 'IPD', 'Headache', '154/104', '164.0', '72.0', '36.5'),
(94, '2025-04-28 13:06:00', 7, 'VST-094', 'IPD', 'Vomiting', '140/63', '168.0', '57.0', '36.4'),
(95, '2024-11-28 08:08:00', 25, 'VST-095', 'OPD', 'Vomiting', '125/97', '165.0', '56.0', '36.2'),
(96, '2024-02-05 12:39:00', 30, 'VST-096', 'IPD', 'Diarrhea', '136/84', '195.0', '79.0', '37.6'),
(97, '2024-07-04 13:51:00', 88, 'VST-097', 'OPD', 'Anxiety', '102/97', '193.0', '82.0', '38.3'),
(98, '2025-12-25 12:58:00', 1, 'VST-098', 'OPD', 'Vomiting', '95/71', '189.0', '82.0', '37.4'),
(99, '2025-01-22 09:17:00', 52, 'VST-099', 'OPD', 'Chest Pain', '157/98', '170.0', '63.0', '38.6'),
(100, '2024-03-13 16:45:00', 20, 'VST-100', 'OPD', 'High Blood Sugar', '140/64', '168.0', '93.0', '37.5'),
(101, '2025-02-13 12:47:00', 20, 'VST-101', 'OPD', 'Shortness of Breath', '137/70', '153.0', '86.0', '37.9'),
(102, '2026-03-05 15:04:00', 98, 'VST-102', 'OPD', 'Blurred Vision', '133/77', '177.0', '68.0', '36.3'),
(103, '2024-08-04 13:45:00', 56, 'VST-103', 'OPD', 'High Blood Sugar', '117/62', '161.0', '73.0', '37.5'),
(104, '2025-11-23 18:25:00', 5, 'VST-104', 'OPD', 'Allergic Reaction', '105/79', '175.0', '87.0', '37.1'),
(105, '2024-09-25 16:53:00', 55, 'VST-105', 'IPD', 'High Blood Sugar', '99/102', '165.0', '95.0', '36.5'),
(106, '2025-04-12 18:36:00', 88, 'VST-106', 'OPD', 'Blurred Vision', '131/84', '173.0', '72.0', '36.6'),
(107, '2024-08-12 08:26:00', 13, 'VST-107', 'OPD', 'Skin Rash', '159/83', '161.0', '110.0', '37.3'),
(108, '2024-09-24 17:33:00', 65, 'VST-108', 'OPD', 'Abdominal Pain', '131/75', '164.0', '48.0', '37.5'),
(109, '2025-01-21 14:23:00', 5, 'VST-109', 'OPD', 'Fever', '140/64', '166.0', '93.0', '38.2'),
(110, '2025-05-17 14:52:00', 12, 'VST-110', 'IPD', 'Runny Nose', '127/62', '184.0', '57.0', '37.2'),
(111, '2025-11-10 12:28:00', 7, 'VST-111', 'IPD', 'Chest Pain', '116/104', '170.0', '74.0', '38.5'),
(112, '2025-01-20 10:43:00', 25, 'VST-112', 'OPD', 'Vomiting', '142/88', '184.0', '82.0', '37.9'),
(113, '2025-03-23 15:05:00', 1, 'VST-113', 'IPD', 'Nausea', '139/105', '153.0', '80.0', '39.1'),
(114, '2026-04-17 14:49:00', 13, 'VST-114', 'OPD', 'Diarrhea', '104/68', '194.0', '87.0', '37.6'),
(115, '2025-10-18 09:32:00', 56, 'VST-115', 'IPD', 'Dizziness', '114/70', '180.0', '92.0', '38.1'),
(116, '2024-12-02 10:28:00', 13, 'VST-116', 'OPD', 'Runny Nose', '154/73', '165.0', '54.0', '39.0'),
(117, '2025-10-14 11:55:00', 30, 'VST-117', 'OPD', 'Nausea', '135/72', '184.0', '77.0', '37.8'),
(118, '2025-03-09 13:48:00', 98, 'VST-118', 'OPD', 'Vomiting', '100/85', '152.0', '82.0', '37.3'),
(119, '2025-03-11 17:20:00', 1, 'VST-119', 'OPD', 'Skin Rash', '133/97', '165.0', '99.0', '37.9'),
(120, '2026-01-07 08:28:00', 98, 'VST-120', 'OPD', 'Chest Pain', '114/86', '181.0', '72.0', '38.7'),
(121, '2026-02-23 15:20:00', 56, 'VST-121', 'OPD', 'Vomiting', '130/78', '155.0', '89.0', '37.3');

INSERT INTO "public"."appointed_doctor" ("id", "visit_id", "appointed_doctor_code") VALUES
(41, 62, 'ADH-041'),
(42, 63, 'ADH-042'),
(43, 64, 'ADH-043'),
(44, 65, 'ADH-044'),
(45, 66, 'ADH-045'),
(46, 67, 'ADH-046'),
(47, 68, 'ADH-047'),
(48, 69, 'ADH-048'),
(49, 70, 'ADH-049'),
(50, 71, 'ADH-050'),
(51, 72, 'ADH-051'),
(52, 73, 'ADH-052'),
(53, 74, 'ADH-053'),
(54, 75, 'ADH-054'),
(55, 76, 'ADH-055'),
(56, 77, 'ADH-056'),
(57, 78, 'ADH-057'),
(58, 79, 'ADH-058'),
(59, 80, 'ADH-059'),
(60, 81, 'ADH-060'),
(61, 82, 'ADH-061'),
(62, 83, 'ADH-062'),
(63, 84, 'ADH-063'),
(64, 85, 'ADH-064'),
(65, 86, 'ADH-065'),
(66, 87, 'ADH-066'),
(67, 88, 'ADH-067'),
(68, 89, 'ADH-068'),
(69, 90, 'ADH-069'),
(70, 91, 'ADH-070'),
(71, 92, 'ADH-071'),
(72, 93, 'ADH-072'),
(73, 94, 'ADH-073'),
(74, 95, 'ADH-074'),
(75, 96, 'ADH-075'),
(76, 97, 'ADH-076'),
(77, 98, 'ADH-077'),
(78, 99, 'ADH-078'),
(79, 100, 'ADH-079'),
(80, 101, 'ADH-080'),
(81, 102, 'ADH-081'),
(82, 103, 'ADH-082'),
(83, 104, 'ADH-083'),
(84, 105, 'ADH-084'),
(85, 106, 'ADH-085'),
(86, 107, 'ADH-086'),
(87, 108, 'ADH-087'),
(88, 109, 'ADH-088'),
(89, 110, 'ADH-089'),
(90, 111, 'ADH-090'),
(91, 112, 'ADH-091'),
(92, 113, 'ADH-092'),
(93, 114, 'ADH-093'),
(94, 115, 'ADH-094'),
(95, 116, 'ADH-095'),
(96, 117, 'ADH-096'),
(97, 118, 'ADH-097'),
(98, 119, 'ADH-098'),
(99, 120, 'ADH-099'),
(100, 121, 'ADH-100');

INSERT INTO "public"."appointed_doctor_line" ("id", "appointed_doctor_id", "doctor_id") VALUES
(52, 41, 11),
(53, 42, 4),
(54, 43, 12),
(55, 44, 10),
(56, 45, 8),
(57, 45, 16),
(58, 46, 3),
(59, 47, 2),
(60, 48, 17),
(61, 49, 9),
(62, 49, 2),
(63, 50, 7),
(64, 50, 8),
(65, 51, 3),
(66, 51, 9),
(67, 52, 4),
(68, 52, 10),
(69, 53, 10),
(70, 54, 4),
(71, 55, 14),
(72, 56, 19),
(73, 56, 20),
(74, 57, 16),
(75, 58, 1),
(76, 58, 14),
(77, 59, 9),
(78, 59, 11),
(79, 60, 7),
(80, 61, 9),
(81, 62, 9),
(82, 63, 6),
(83, 64, 19),
(84, 65, 15),
(85, 65, 2),
(86, 66, 8),
(87, 66, 15),
(88, 67, 13),
(89, 67, 5),
(90, 68, 3),
(91, 69, 15),
(92, 69, 9),
(93, 70, 7),
(94, 71, 18),
(95, 71, 12),
(96, 72, 10),
(97, 73, 3),
(98, 73, 7),
(99, 74, 17),
(100, 74, 4),
(101, 75, 4),
(102, 75, 20),
(103, 76, 12),
(104, 76, 14),
(105, 77, 1),
(106, 78, 12),
(107, 79, 3),
(108, 79, 11),
(109, 80, 12),
(110, 81, 15),
(111, 81, 2),
(112, 82, 12),
(113, 83, 17),
(114, 84, 5),
(115, 84, 6),
(116, 85, 20),
(117, 86, 11),
(118, 87, 3),
(119, 87, 4),
(120, 88, 5),
(121, 88, 2),
(122, 89, 11),
(123, 90, 20),
(124, 90, 14),
(125, 91, 11),
(126, 91, 9),
(127, 92, 6),
(128, 93, 5),
(129, 93, 18),
(130, 94, 1),
(131, 95, 12),
(132, 95, 13),
(133, 96, 10),
(134, 96, 16),
(135, 97, 3),
(136, 97, 13),
(137, 98, 16),
(138, 98, 1),
(139, 99, 2),
(140, 99, 5),
(141, 100, 12),
(142, 100, 5);

INSERT INTO "public"."prescription_chart" ("id", "visit_id", "prescription_chart_code") VALUES
(41, 62, 'DPC-041'),
(42, 63, 'DPC-042'),
(43, 64, 'DPC-043'),
(44, 65, 'DPC-044'),
(45, 66, 'DPC-045'),
(46, 67, 'DPC-046'),
(47, 68, 'DPC-047'),
(48, 69, 'DPC-048'),
(49, 70, 'DPC-049'),
(50, 71, 'DPC-050'),
(51, 72, 'DPC-051'),
(52, 73, 'DPC-052'),
(53, 74, 'DPC-053'),
(54, 75, 'DPC-054'),
(55, 76, 'DPC-055'),
(56, 77, 'DPC-056'),
(57, 78, 'DPC-057'),
(58, 79, 'DPC-058'),
(59, 80, 'DPC-059'),
(60, 81, 'DPC-060'),
(61, 82, 'DPC-061'),
(62, 83, 'DPC-062'),
(63, 84, 'DPC-063'),
(64, 85, 'DPC-064'),
(65, 86, 'DPC-065'),
(66, 87, 'DPC-066'),
(67, 88, 'DPC-067'),
(68, 89, 'DPC-068'),
(69, 90, 'DPC-069'),
(70, 91, 'DPC-070'),
(71, 92, 'DPC-071'),
(72, 93, 'DPC-072'),
(73, 94, 'DPC-073'),
(74, 95, 'DPC-074'),
(75, 96, 'DPC-075'),
(76, 97, 'DPC-076'),
(77, 98, 'DPC-077'),
(78, 99, 'DPC-078'),
(79, 100, 'DPC-079'),
(80, 101, 'DPC-080'),
(81, 102, 'DPC-081'),
(82, 103, 'DPC-082'),
(83, 104, 'DPC-083'),
(84, 105, 'DPC-084'),
(85, 106, 'DPC-085'),
(86, 107, 'DPC-086'),
(87, 108, 'DPC-087'),
(88, 109, 'DPC-088'),
(89, 110, 'DPC-089'),
(90, 111, 'DPC-090'),
(91, 112, 'DPC-091'),
(92, 113, 'DPC-092'),
(93, 114, 'DPC-093'),
(94, 115, 'DPC-094'),
(95, 116, 'DPC-095'),
(96, 117, 'DPC-096'),
(97, 118, 'DPC-097'),
(98, 119, 'DPC-098'),
(99, 120, 'DPC-099'),
(100, 121, 'DPC-100');

INSERT INTO "public"."prescription_chart_line" ("id", "prescription_chart_id", "medicine_id", "quantity", "dosage_notes") VALUES
(60, 41, 8, 1, 'Take three times daily for 5 days'),
(61, 42, 6, 2, 'Take twice daily after meals'),
(62, 43, 18, 1, 'Take three times daily for 5 days'),
(63, 44, 12, 2, 'Take twice daily after meals'),
(64, 44, 15, 1, 'Apply twice daily to affected area'),
(65, 45, 7, 1, 'Take every 6 hours for pain'),
(66, 45, 4, 2, 'Take every 6 hours for pain'),
(67, 46, 6, 2, 'Take once daily with food'),
(68, 47, 3, 1, 'Apply twice daily to affected area'),
(69, 47, 6, 2, 'Take twice daily after meals'),
(70, 47, 20, 1, 'Take once daily before meals'),
(71, 48, 5, 1, 'Apply twice daily to affected area'),
(72, 48, 12, 2, 'Take once daily at bedtime'),
(73, 49, 14, 2, 'Take once daily before meals'),
(74, 50, 4, 2, 'Take every 8 hours as needed'),
(75, 50, 12, 1, 'Take every 8 hours as needed'),
(76, 50, 18, 1, 'Take every 6 hours for pain'),
(77, 51, 17, 2, 'Take once daily before meals'),
(78, 51, 13, 1, 'Take once daily at bedtime'),
(79, 52, 10, 2, 'Take once daily at bedtime'),
(80, 52, 14, 1, 'Apply twice daily to affected area'),
(81, 52, 11, 2, 'Take every 6 hours for pain'),
(82, 53, 7, 1, 'Take once daily before meals'),
(83, 54, 5, 2, 'Take once daily with food'),
(84, 54, 15, 2, 'Take once daily with food'),
(85, 55, 11, 2, 'Take every 6 hours for pain'),
(86, 55, 18, 1, 'Apply twice daily to affected area'),
(87, 56, 1, 1, 'Take once daily with food'),
(88, 56, 3, 1, 'Take once daily before meals'),
(89, 56, 14, 2, 'Take every 6 hours for pain'),
(90, 57, 4, 2, 'Take once daily at bedtime'),
(91, 57, 19, 2, 'Take every 8 hours as needed'),
(92, 57, 7, 1, 'Take every 8 hours as needed'),
(93, 58, 4, 2, 'Take once daily with food'),
(94, 58, 14, 1, 'Take every 6 hours for pain'),
(95, 59, 20, 1, 'Apply twice daily to affected area'),
(96, 59, 9, 1, 'Apply twice daily to affected area'),
(97, 60, 4, 1, 'Apply twice daily to affected area'),
(98, 60, 18, 1, 'Take once daily with food'),
(99, 61, 4, 2, 'Take once daily with food'),
(100, 61, 3, 1, 'Take once daily before meals'),
(101, 62, 3, 1, 'Take twice daily after meals'),
(102, 62, 6, 1, 'Take once daily before meals'),
(103, 62, 8, 2, 'Take once daily with food'),
(104, 63, 20, 2, 'Take once daily with food'),
(105, 63, 19, 1, 'Take once daily with food'),
(106, 64, 16, 2, 'Take three times daily for 5 days'),
(107, 64, 3, 2, 'Take three times daily for 5 days'),
(108, 65, 9, 1, 'Take once daily at bedtime'),
(109, 66, 5, 1, 'Take twice daily after meals'),
(110, 66, 13, 2, 'Take every 6 hours for pain'),
(111, 66, 7, 2, 'Take once daily at bedtime'),
(112, 67, 2, 2, 'Take twice daily after meals'),
(113, 67, 5, 2, 'Take twice daily after meals'),
(114, 68, 4, 2, 'Take every 8 hours as needed'),
(115, 68, 20, 2, 'Take once daily before meals'),
(116, 69, 1, 1, 'Take twice daily after meals'),
(117, 69, 15, 2, 'Take three times daily for 5 days'),
(118, 69, 10, 2, 'Take every 6 hours for pain'),
(119, 70, 9, 1, 'Take once daily at bedtime'),
(120, 70, 5, 2, 'Take once daily before meals'),
(121, 70, 4, 2, 'Take every 8 hours as needed'),
(122, 71, 13, 1, 'Take once daily at bedtime'),
(123, 72, 4, 1, 'Take every 8 hours as needed'),
(124, 72, 20, 2, 'Take once daily with food'),
(125, 73, 20, 2, 'Apply twice daily to affected area'),
(126, 73, 1, 1, 'Apply twice daily to affected area'),
(127, 73, 2, 1, 'Apply twice daily to affected area'),
(128, 74, 3, 2, 'Take twice daily after meals'),
(129, 74, 16, 2, 'Apply twice daily to affected area'),
(130, 74, 15, 1, 'Take once daily at bedtime'),
(131, 75, 18, 2, 'Apply twice daily to affected area'),
(132, 75, 7, 2, 'Take three times daily for 5 days'),
(133, 75, 14, 2, 'Take every 6 hours for pain'),
(134, 76, 2, 2, 'Take twice daily after meals'),
(135, 76, 10, 1, 'Take every 8 hours as needed'),
(136, 76, 19, 2, 'Apply twice daily to affected area'),
(137, 77, 17, 1, 'Take every 6 hours for pain'),
(138, 78, 4, 2, 'Take once daily at bedtime'),
(139, 78, 10, 1, 'Apply twice daily to affected area'),
(140, 79, 14, 2, 'Take once daily at bedtime'),
(141, 79, 19, 1, 'Take every 6 hours for pain'),
(142, 79, 13, 1, 'Take three times daily for 5 days'),
(143, 80, 5, 1, 'Take every 8 hours as needed'),
(144, 80, 8, 2, 'Apply twice daily to affected area'),
(145, 81, 12, 2, 'Take twice daily after meals'),
(146, 82, 10, 2, 'Take three times daily for 5 days'),
(147, 82, 13, 1, 'Take three times daily for 5 days'),
(148, 83, 14, 2, 'Take once daily before meals'),
(149, 84, 20, 1, 'Take once daily with food'),
(150, 85, 9, 1, 'Take once daily with food'),
(151, 86, 11, 1, 'Take every 8 hours as needed'),
(152, 87, 20, 1, 'Apply twice daily to affected area'),
(153, 87, 18, 1, 'Take once daily at bedtime'),
(154, 88, 18, 1, 'Take once daily with food'),
(155, 88, 11, 2, 'Take every 8 hours as needed'),
(156, 89, 4, 2, 'Take every 6 hours for pain'),
(157, 89, 12, 2, 'Take every 6 hours for pain'),
(158, 90, 2, 2, 'Take three times daily for 5 days'),
(159, 90, 3, 1, 'Take once daily before meals'),
(160, 91, 4, 1, 'Take every 8 hours as needed'),
(161, 92, 17, 1, 'Apply twice daily to affected area'),
(162, 92, 8, 1, 'Apply twice daily to affected area'),
(163, 93, 19, 2, 'Take once daily before meals'),
(164, 93, 6, 1, 'Take every 8 hours as needed'),
(165, 93, 5, 2, 'Take every 8 hours as needed'),
(166, 94, 2, 2, 'Apply twice daily to affected area'),
(167, 95, 12, 1, 'Take three times daily for 5 days'),
(168, 96, 3, 2, 'Take once daily with food'),
(169, 97, 15, 1, 'Take every 8 hours as needed'),
(170, 97, 18, 1, 'Take every 6 hours for pain'),
(171, 97, 9, 2, 'Take three times daily for 5 days'),
(172, 98, 11, 2, 'Take once daily at bedtime'),
(173, 98, 4, 1, 'Take once daily with food'),
(174, 99, 7, 2, 'Take every 6 hours for pain'),
(175, 99, 18, 2, 'Take every 8 hours as needed'),
(176, 99, 11, 2, 'Take three times daily for 5 days'),
(177, 100, 2, 1, 'Take three times daily for 5 days'),
(178, 100, 10, 2, 'Take once daily at bedtime');

INSERT INTO "public"."treatment_chart" ("id", "visit_id", "treatment_chart_code") VALUES
(41, 62, 'DTC-041'),
(42, 63, 'DTC-042'),
(43, 64, 'DTC-043'),
(44, 65, 'DTC-044'),
(45, 66, 'DTC-045'),
(46, 67, 'DTC-046'),
(47, 68, 'DTC-047'),
(48, 69, 'DTC-048'),
(49, 70, 'DTC-049'),
(50, 71, 'DTC-050'),
(51, 72, 'DTC-051'),
(52, 73, 'DTC-052'),
(53, 74, 'DTC-053'),
(54, 75, 'DTC-054'),
(55, 76, 'DTC-055'),
(56, 77, 'DTC-056'),
(57, 78, 'DTC-057'),
(58, 79, 'DTC-058'),
(59, 80, 'DTC-059'),
(60, 81, 'DTC-060'),
(61, 82, 'DTC-061'),
(62, 83, 'DTC-062'),
(63, 84, 'DTC-063'),
(64, 85, 'DTC-064'),
(65, 86, 'DTC-065'),
(66, 87, 'DTC-066'),
(67, 88, 'DTC-067'),
(68, 89, 'DTC-068'),
(69, 90, 'DTC-069'),
(70, 91, 'DTC-070'),
(71, 92, 'DTC-071'),
(72, 93, 'DTC-072'),
(73, 94, 'DTC-073'),
(74, 95, 'DTC-074'),
(75, 96, 'DTC-075'),
(76, 97, 'DTC-076'),
(77, 98, 'DTC-077'),
(78, 99, 'DTC-078'),
(79, 100, 'DTC-079'),
(80, 101, 'DTC-080'),
(81, 102, 'DTC-081'),
(82, 103, 'DTC-082'),
(83, 104, 'DTC-083'),
(84, 105, 'DTC-084'),
(85, 106, 'DTC-085'),
(86, 107, 'DTC-086'),
(87, 108, 'DTC-087'),
(88, 109, 'DTC-088'),
(89, 110, 'DTC-089'),
(90, 111, 'DTC-090'),
(91, 112, 'DTC-091'),
(92, 113, 'DTC-092'),
(93, 114, 'DTC-093'),
(94, 115, 'DTC-094'),
(95, 116, 'DTC-095'),
(96, 117, 'DTC-096'),
(97, 118, 'DTC-097'),
(98, 119, 'DTC-098'),
(99, 120, 'DTC-099'),
(100, 121, 'DTC-100');

INSERT INTO "public"."treatment_chart_line" ("id", "treatment_chart_id", "created_at", "treatment_id", "quantity") VALUES
(47, 41, '2025-11-06 16:46:00', 9, 1),
(48, 41, '2025-11-06 16:46:00', 3, 2),
(49, 42, '2025-09-09 17:27:00', 13, 2),
(50, 42, '2025-09-09 17:27:00', 20, 2),
(51, 43, '2024-12-24 12:32:00', 1, 2),
(52, 43, '2024-12-24 12:32:00', 4, 2),
(53, 44, '2024-09-25 10:08:00', 11, 1),
(54, 45, '2024-04-03 08:55:00', 15, 1),
(55, 45, '2024-04-03 08:55:00', 2, 1),
(56, 46, '2024-07-06 12:29:00', 7, 1),
(57, 46, '2024-07-06 12:29:00', 13, 1),
(58, 47, '2025-04-02 17:47:00', 14, 2),
(59, 48, '2026-03-15 13:59:00', 15, 2),
(60, 49, '2024-12-18 10:17:00', 11, 1),
(61, 50, '2025-10-18 10:27:00', 6, 2),
(62, 51, '2024-08-08 11:52:00', 19, 2),
(63, 52, '2025-04-09 08:45:00', 20, 2),
(64, 53, '2025-11-07 16:30:00', 8, 2),
(65, 54, '2024-03-21 08:57:00', 16, 2),
(66, 55, '2024-05-11 13:57:00', 13, 1),
(67, 55, '2024-05-11 13:57:00', 19, 2),
(68, 56, '2025-07-16 08:24:00', 7, 2),
(69, 56, '2025-07-16 08:24:00', 15, 2),
(70, 57, '2025-01-12 11:41:00', 4, 1),
(71, 57, '2025-01-12 11:41:00', 19, 2),
(72, 58, '2025-11-20 09:50:00', 17, 2),
(73, 59, '2025-04-25 15:36:00', 16, 1),
(74, 59, '2025-04-25 15:36:00', 18, 2),
(75, 60, '2025-06-16 16:33:00', 19, 2),
(76, 60, '2025-06-16 16:33:00', 17, 1),
(77, 61, '2024-09-10 10:40:00', 5, 2),
(78, 62, '2025-05-28 17:27:00', 10, 1),
(79, 62, '2025-05-28 17:27:00', 2, 2),
(80, 63, '2026-05-22 11:27:00', 13, 2),
(81, 63, '2026-05-22 11:27:00', 9, 2),
(82, 64, '2026-05-19 08:48:00', 22, 1),
(83, 64, '2026-05-19 08:48:00', 4, 2),
(84, 65, '2024-07-28 16:52:00', 16, 1),
(85, 65, '2024-07-28 16:52:00', 4, 1),
(86, 66, '2024-08-04 18:53:00', 10, 2),
(87, 67, '2025-04-23 11:36:00', 1, 2),
(88, 67, '2025-04-23 11:36:00', 5, 1),
(89, 68, '2025-07-11 18:45:00', 11, 1),
(90, 69, '2024-03-06 09:39:00', 15, 1),
(91, 69, '2024-03-06 09:39:00', 10, 2),
(92, 70, '2026-04-09 08:36:00', 10, 2),
(93, 71, '2025-05-24 13:51:00', 15, 2),
(94, 72, '2025-09-11 17:14:00', 22, 2),
(95, 72, '2025-09-11 17:14:00', 18, 1),
(96, 73, '2025-04-28 13:06:00', 8, 2),
(97, 74, '2024-11-28 08:08:00', 21, 1),
(98, 74, '2024-11-28 08:08:00', 1, 2),
(99, 75, '2024-02-05 12:39:00', 4, 2),
(100, 75, '2024-02-05 12:39:00', 11, 2),
(101, 76, '2024-07-04 13:51:00', 12, 2),
(102, 77, '2025-12-25 12:58:00', 15, 1),
(103, 77, '2025-12-25 12:58:00', 11, 2),
(104, 78, '2025-01-22 09:17:00', 20, 1),
(105, 78, '2025-01-22 09:17:00', 2, 1),
(106, 79, '2024-03-13 16:45:00', 20, 2),
(107, 80, '2025-02-13 12:47:00', 20, 1),
(108, 81, '2026-03-05 15:04:00', 20, 2),
(109, 82, '2024-08-04 13:45:00', 11, 1),
(110, 83, '2025-11-23 18:25:00', 10, 1),
(111, 83, '2025-11-23 18:25:00', 6, 2),
(112, 84, '2024-09-25 16:53:00', 14, 2),
(113, 85, '2025-04-12 18:36:00', 18, 1),
(114, 85, '2025-04-12 18:36:00', 4, 2),
(115, 86, '2024-08-12 08:26:00', 10, 2),
(116, 87, '2024-09-24 17:33:00', 1, 2),
(117, 87, '2024-09-24 17:33:00', 20, 1),
(118, 88, '2025-01-21 14:23:00', 3, 2),
(119, 89, '2025-05-17 14:52:00', 6, 2),
(120, 89, '2025-05-17 14:52:00', 16, 2),
(121, 90, '2025-11-10 12:28:00', 20, 2),
(122, 91, '2025-01-20 10:43:00', 17, 1),
(123, 91, '2025-01-20 10:43:00', 13, 2),
(124, 92, '2025-03-23 15:05:00', 1, 2),
(125, 92, '2025-03-23 15:05:00', 12, 2),
(126, 93, '2026-04-17 14:49:00', 11, 1),
(127, 94, '2025-10-18 09:32:00', 20, 1),
(128, 94, '2025-10-18 09:32:00', 21, 2),
(129, 95, '2024-12-02 10:28:00', 15, 1),
(130, 96, '2025-10-14 11:55:00', 7, 2),
(131, 97, '2025-03-09 13:48:00', 5, 2),
(132, 97, '2025-03-09 13:48:00', 7, 1),
(133, 98, '2025-03-11 17:20:00', 21, 1),
(134, 98, '2025-03-11 17:20:00', 19, 1),
(135, 99, '2026-01-07 08:28:00', 22, 2),
(136, 99, '2026-01-07 08:28:00', 21, 2),
(137, 100, '2026-02-23 15:20:00', 7, 2),
(138, 100, '2026-02-23 15:20:00', 18, 2);

INSERT INTO "public"."diagnosis_chart" ("id", "visit_id", "diagnosis_chart_code") VALUES
(41, 62, 'DGC-041'),
(42, 63, 'DGC-042'),
(43, 64, 'DGC-043'),
(44, 65, 'DGC-044'),
(45, 66, 'DGC-045'),
(46, 67, 'DGC-046'),
(47, 68, 'DGC-047'),
(48, 69, 'DGC-048'),
(49, 70, 'DGC-049'),
(50, 71, 'DGC-050'),
(51, 72, 'DGC-051'),
(52, 73, 'DGC-052'),
(53, 74, 'DGC-053'),
(54, 75, 'DGC-054'),
(55, 76, 'DGC-055'),
(56, 77, 'DGC-056'),
(57, 78, 'DGC-057'),
(58, 79, 'DGC-058'),
(59, 80, 'DGC-059'),
(60, 81, 'DGC-060'),
(61, 82, 'DGC-061'),
(62, 83, 'DGC-062'),
(63, 84, 'DGC-063'),
(64, 85, 'DGC-064'),
(65, 86, 'DGC-065'),
(66, 87, 'DGC-066'),
(67, 88, 'DGC-067'),
(68, 89, 'DGC-068'),
(69, 90, 'DGC-069'),
(70, 91, 'DGC-070'),
(71, 92, 'DGC-071'),
(72, 93, 'DGC-072'),
(73, 94, 'DGC-073'),
(74, 95, 'DGC-074'),
(75, 96, 'DGC-075'),
(76, 97, 'DGC-076'),
(77, 98, 'DGC-077'),
(78, 99, 'DGC-078'),
(79, 100, 'DGC-079'),
(80, 101, 'DGC-080'),
(81, 102, 'DGC-081'),
(82, 103, 'DGC-082'),
(83, 104, 'DGC-083'),
(84, 105, 'DGC-084'),
(85, 106, 'DGC-085'),
(86, 107, 'DGC-086'),
(87, 108, 'DGC-087'),
(88, 109, 'DGC-088'),
(89, 110, 'DGC-089'),
(90, 111, 'DGC-090'),
(91, 112, 'DGC-091'),
(92, 113, 'DGC-092'),
(93, 114, 'DGC-093'),
(94, 115, 'DGC-094'),
(95, 116, 'DGC-095'),
(96, 117, 'DGC-096'),
(97, 118, 'DGC-097'),
(98, 119, 'DGC-098'),
(99, 120, 'DGC-099'),
(100, 121, 'DGC-100');

INSERT INTO "public"."diagnosis_chart_line" ("id", "diagnosis_chart_id", "created_at", "medical_condition_id") VALUES
(50, 41, '2025-11-06 16:46:00', 21),
(51, 42, '2025-09-09 17:27:00', 22),
(52, 43, '2024-12-24 12:32:00', 2),
(53, 44, '2024-09-25 10:08:00', 19),
(54, 45, '2024-04-03 08:55:00', 11),
(55, 45, '2024-04-03 08:55:00', 4),
(56, 46, '2024-07-06 12:29:00', 1),
(57, 46, '2024-07-06 12:29:00', 13),
(58, 47, '2025-04-02 17:47:00', 7),
(59, 47, '2025-04-02 17:47:00', 22),
(60, 48, '2026-03-15 13:59:00', 22),
(61, 49, '2024-12-18 10:17:00', 6),
(62, 49, '2024-12-18 10:17:00', 15),
(63, 50, '2025-10-18 10:27:00', 22),
(64, 50, '2025-10-18 10:27:00', 8),
(65, 51, '2024-08-08 11:52:00', 4),
(66, 52, '2025-04-09 08:45:00', 18),
(67, 52, '2025-04-09 08:45:00', 1),
(68, 53, '2025-11-07 16:30:00', 15),
(69, 54, '2024-03-21 08:57:00', 8),
(70, 54, '2024-03-21 08:57:00', 21),
(71, 55, '2024-05-11 13:57:00', 1),
(72, 55, '2024-05-11 13:57:00', 12),
(73, 56, '2025-07-16 08:24:00', 9),
(74, 56, '2025-07-16 08:24:00', 14),
(75, 57, '2025-01-12 11:41:00', 13),
(76, 57, '2025-01-12 11:41:00', 23),
(77, 58, '2025-11-20 09:50:00', 15),
(78, 58, '2025-11-20 09:50:00', 14),
(79, 59, '2025-04-25 15:36:00', 15),
(80, 59, '2025-04-25 15:36:00', 1),
(81, 60, '2025-06-16 16:33:00', 10),
(82, 61, '2024-09-10 10:40:00', 8),
(83, 62, '2025-05-28 17:27:00', 23),
(84, 62, '2025-05-28 17:27:00', 15),
(85, 63, '2026-05-22 11:27:00', 20),
(86, 64, '2026-05-19 08:48:00', 23),
(87, 64, '2026-05-19 08:48:00', 16),
(88, 65, '2024-07-28 16:52:00', 10),
(89, 66, '2024-08-04 18:53:00', 5),
(90, 66, '2024-08-04 18:53:00', 15),
(91, 67, '2025-04-23 11:36:00', 16),
(92, 68, '2025-07-11 18:45:00', 12),
(93, 68, '2025-07-11 18:45:00', 14),
(94, 69, '2024-03-06 09:39:00', 4),
(95, 69, '2024-03-06 09:39:00', 8),
(96, 70, '2026-04-09 08:36:00', 6),
(97, 70, '2026-04-09 08:36:00', 7),
(98, 71, '2025-05-24 13:51:00', 19),
(99, 71, '2025-05-24 13:51:00', 13),
(100, 72, '2025-09-11 17:14:00', 21),
(101, 72, '2025-09-11 17:14:00', 4),
(102, 73, '2025-04-28 13:06:00', 20),
(103, 74, '2024-11-28 08:08:00', 14),
(104, 74, '2024-11-28 08:08:00', 22),
(105, 75, '2024-02-05 12:39:00', 12),
(106, 75, '2024-02-05 12:39:00', 5),
(107, 76, '2024-07-04 13:51:00', 9),
(108, 77, '2025-12-25 12:58:00', 11),
(109, 77, '2025-12-25 12:58:00', 19),
(110, 78, '2025-01-22 09:17:00', 7),
(111, 78, '2025-01-22 09:17:00', 5),
(112, 79, '2024-03-13 16:45:00', 3),
(113, 79, '2024-03-13 16:45:00', 14),
(114, 80, '2025-02-13 12:47:00', 6),
(115, 81, '2026-03-05 15:04:00', 19),
(116, 81, '2026-03-05 15:04:00', 18),
(117, 82, '2024-08-04 13:45:00', 10),
(118, 82, '2024-08-04 13:45:00', 9),
(119, 83, '2025-11-23 18:25:00', 7),
(120, 83, '2025-11-23 18:25:00', 8),
(121, 84, '2024-09-25 16:53:00', 15),
(122, 85, '2025-04-12 18:36:00', 6),
(123, 86, '2024-08-12 08:26:00', 23),
(124, 87, '2024-09-24 17:33:00', 6),
(125, 87, '2024-09-24 17:33:00', 22),
(126, 88, '2025-01-21 14:23:00', 10),
(127, 89, '2025-05-17 14:52:00', 3),
(128, 89, '2025-05-17 14:52:00', 14),
(129, 90, '2025-11-10 12:28:00', 5),
(130, 91, '2025-01-20 10:43:00', 23),
(131, 91, '2025-01-20 10:43:00', 15),
(132, 92, '2025-03-23 15:05:00', 20),
(133, 93, '2026-04-17 14:49:00', 17),
(134, 93, '2026-04-17 14:49:00', 10),
(135, 94, '2025-10-18 09:32:00', 21),
(136, 94, '2025-10-18 09:32:00', 10),
(137, 95, '2024-12-02 10:28:00', 15),
(138, 95, '2024-12-02 10:28:00', 8),
(139, 96, '2025-10-14 11:55:00', 2),
(140, 97, '2025-03-09 13:48:00', 2),
(141, 98, '2025-03-11 17:20:00', 6),
(142, 98, '2025-03-11 17:20:00', 17),
(143, 99, '2026-01-07 08:28:00', 8),
(144, 100, '2026-02-23 15:20:00', 4);

INSERT INTO "public"."patient_bill" ("id", "visit_id", "bill_code", "tax") VALUES
(62, 62, 'BLL-062', 7),
(63, 63, 'BLL-063', 7),
(64, 64, 'BLL-064', 7),
(65, 65, 'BLL-065', 7),
(66, 66, 'BLL-066', 7),
(67, 67, 'BLL-067', 7),
(68, 68, 'BLL-068', 7),
(69, 69, 'BLL-069', 7),
(70, 70, 'BLL-070', 7),
(71, 71, 'BLL-071', 7),
(72, 72, 'BLL-072', 7),
(73, 73, 'BLL-073', 7),
(74, 74, 'BLL-074', 7),
(75, 75, 'BLL-075', 7),
(76, 76, 'BLL-076', 7),
(77, 77, 'BLL-077', 7),
(78, 78, 'BLL-078', 7),
(79, 79, 'BLL-079', 7),
(80, 80, 'BLL-080', 7),
(81, 81, 'BLL-081', 7),
(82, 82, 'BLL-082', 7),
(83, 83, 'BLL-083', 7),
(84, 84, 'BLL-084', 7),
(85, 85, 'BLL-085', 7),
(86, 86, 'BLL-086', 7),
(87, 87, 'BLL-087', 7),
(88, 88, 'BLL-088', 7),
(89, 89, 'BLL-089', 7),
(90, 90, 'BLL-090', 7),
(91, 91, 'BLL-091', 7),
(92, 92, 'BLL-092', 7),
(93, 93, 'BLL-093', 7),
(94, 94, 'BLL-094', 7),
(95, 95, 'BLL-095', 7),
(96, 96, 'BLL-096', 7),
(97, 97, 'BLL-097', 7),
(98, 98, 'BLL-098', 7),
(99, 99, 'BLL-099', 7),
(100, 100, 'BLL-100', 7),
(101, 101, 'BLL-101', 7),
(102, 102, 'BLL-102', 7),
(103, 103, 'BLL-103', 7),
(104, 104, 'BLL-104', 7),
(105, 105, 'BLL-105', 7),
(106, 106, 'BLL-106', 7),
(107, 107, 'BLL-107', 7),
(108, 108, 'BLL-108', 7),
(109, 109, 'BLL-109', 7),
(110, 110, 'BLL-110', 7),
(111, 111, 'BLL-111', 7),
(112, 112, 'BLL-112', 7),
(113, 113, 'BLL-113', 7),
(114, 114, 'BLL-114', 7),
(115, 115, 'BLL-115', 7),
(116, 116, 'BLL-116', 7),
(117, 117, 'BLL-117', 7),
(118, 118, 'BLL-118', 7),
(119, 119, 'BLL-119', 7),
(120, 120, 'BLL-120', 7),
(121, 121, 'BLL-121', 7);

INSERT INTO "public"."patient_bill_line" ("id", "bill_header_id", "charge_type", "treatment_chart_line_id", "prescription_chart_line_id", "fee_id") VALUES
(104, 62, 'Medicine', null, 60, null),
(105, 62, 'Treatment', 47, null, null),
(106, 62, 'Treatment', 48, null, null),
(107, 62, 'Fee', null, null, 16),
(108, 63, 'Medicine', null, 61, null),
(109, 63, 'Treatment', 49, null, null),
(110, 63, 'Treatment', 50, null, null),
(111, 63, 'Fee', null, null, 4),
(112, 64, 'Medicine', null, 62, null),
(113, 64, 'Treatment', 51, null, null),
(114, 64, 'Treatment', 52, null, null),
(115, 64, 'Fee', null, null, 8),
(116, 65, 'Medicine', null, 63, null),
(117, 65, 'Medicine', null, 64, null),
(118, 65, 'Treatment', 53, null, null),
(119, 65, 'Fee', null, null, 8),
(120, 66, 'Medicine', null, 65, null),
(121, 66, 'Medicine', null, 66, null),
(122, 66, 'Treatment', 54, null, null),
(123, 66, 'Treatment', 55, null, null),
(124, 66, 'Fee', null, null, 8),
(125, 67, 'Medicine', null, 67, null),
(126, 67, 'Treatment', 56, null, null),
(127, 67, 'Treatment', 57, null, null),
(128, 67, 'Fee', null, null, 9),
(129, 68, 'Medicine', null, 68, null),
(130, 68, 'Medicine', null, 69, null),
(131, 68, 'Medicine', null, 70, null),
(132, 68, 'Treatment', 58, null, null),
(133, 68, 'Fee', null, null, 11),
(134, 69, 'Medicine', null, 71, null),
(135, 69, 'Medicine', null, 72, null),
(136, 69, 'Treatment', 59, null, null),
(137, 69, 'Fee', null, null, 18),
(138, 70, 'Medicine', null, 73, null),
(139, 70, 'Treatment', 60, null, null),
(140, 70, 'Fee', null, null, 18),
(141, 71, 'Medicine', null, 74, null),
(142, 71, 'Medicine', null, 75, null),
(143, 71, 'Medicine', null, 76, null),
(144, 71, 'Treatment', 61, null, null),
(145, 71, 'Fee', null, null, 9),
(146, 72, 'Medicine', null, 77, null),
(147, 72, 'Medicine', null, 78, null),
(148, 72, 'Treatment', 62, null, null),
(149, 72, 'Fee', null, null, 14),
(150, 73, 'Medicine', null, 79, null),
(151, 73, 'Medicine', null, 80, null),
(152, 73, 'Medicine', null, 81, null),
(153, 73, 'Treatment', 63, null, null),
(154, 73, 'Fee', null, null, 10),
(155, 74, 'Medicine', null, 82, null),
(156, 74, 'Treatment', 64, null, null),
(157, 74, 'Fee', null, null, 14),
(158, 75, 'Medicine', null, 83, null),
(159, 75, 'Medicine', null, 84, null),
(160, 75, 'Treatment', 65, null, null),
(161, 75, 'Fee', null, null, 9),
(162, 76, 'Medicine', null, 85, null),
(163, 76, 'Medicine', null, 86, null),
(164, 76, 'Treatment', 66, null, null),
(165, 76, 'Treatment', 67, null, null),
(166, 76, 'Fee', null, null, 10),
(167, 77, 'Medicine', null, 87, null),
(168, 77, 'Medicine', null, 88, null),
(169, 77, 'Medicine', null, 89, null),
(170, 77, 'Treatment', 68, null, null),
(171, 77, 'Treatment', 69, null, null),
(172, 77, 'Fee', null, null, 9),
(173, 78, 'Medicine', null, 90, null),
(174, 78, 'Medicine', null, 91, null),
(175, 78, 'Medicine', null, 92, null),
(176, 78, 'Treatment', 70, null, null),
(177, 78, 'Treatment', 71, null, null),
(178, 78, 'Fee', null, null, 7),
(179, 79, 'Medicine', null, 93, null),
(180, 79, 'Medicine', null, 94, null),
(181, 79, 'Treatment', 72, null, null),
(182, 79, 'Fee', null, null, 9),
(183, 80, 'Medicine', null, 95, null),
(184, 80, 'Medicine', null, 96, null),
(185, 80, 'Treatment', 73, null, null),
(186, 80, 'Treatment', 74, null, null),
(187, 80, 'Fee', null, null, 3),
(188, 81, 'Medicine', null, 97, null),
(189, 81, 'Medicine', null, 98, null),
(190, 81, 'Treatment', 75, null, null),
(191, 81, 'Treatment', 76, null, null),
(192, 81, 'Fee', null, null, 8),
(193, 82, 'Medicine', null, 99, null),
(194, 82, 'Medicine', null, 100, null),
(195, 82, 'Treatment', 77, null, null),
(196, 82, 'Fee', null, null, 4),
(197, 83, 'Medicine', null, 101, null),
(198, 83, 'Medicine', null, 102, null),
(199, 83, 'Medicine', null, 103, null),
(200, 83, 'Treatment', 78, null, null),
(201, 83, 'Treatment', 79, null, null),
(202, 83, 'Fee', null, null, 3),
(203, 84, 'Medicine', null, 104, null),
(204, 84, 'Medicine', null, 105, null),
(205, 84, 'Treatment', 80, null, null),
(206, 84, 'Treatment', 81, null, null),
(207, 84, 'Fee', null, null, 2),
(208, 85, 'Medicine', null, 106, null),
(209, 85, 'Medicine', null, 107, null),
(210, 85, 'Treatment', 82, null, null),
(211, 85, 'Treatment', 83, null, null),
(212, 85, 'Fee', null, null, 10),
(213, 86, 'Medicine', null, 108, null),
(214, 86, 'Treatment', 84, null, null),
(215, 86, 'Treatment', 85, null, null),
(216, 86, 'Fee', null, null, 18),
(217, 87, 'Medicine', null, 109, null),
(218, 87, 'Medicine', null, 110, null),
(219, 87, 'Medicine', null, 111, null),
(220, 87, 'Treatment', 86, null, null),
(221, 87, 'Fee', null, null, 18),
(222, 88, 'Medicine', null, 112, null),
(223, 88, 'Medicine', null, 113, null),
(224, 88, 'Treatment', 87, null, null),
(225, 88, 'Treatment', 88, null, null),
(226, 88, 'Fee', null, null, 9),
(227, 89, 'Medicine', null, 114, null),
(228, 89, 'Medicine', null, 115, null),
(229, 89, 'Treatment', 89, null, null),
(230, 89, 'Fee', null, null, 5),
(231, 90, 'Medicine', null, 116, null),
(232, 90, 'Medicine', null, 117, null),
(233, 90, 'Medicine', null, 118, null),
(234, 90, 'Treatment', 90, null, null),
(235, 90, 'Treatment', 91, null, null),
(236, 90, 'Fee', null, null, 13),
(237, 91, 'Medicine', null, 119, null),
(238, 91, 'Medicine', null, 120, null),
(239, 91, 'Medicine', null, 121, null),
(240, 91, 'Treatment', 92, null, null),
(241, 91, 'Fee', null, null, 5),
(242, 92, 'Medicine', null, 122, null),
(243, 92, 'Treatment', 93, null, null),
(244, 92, 'Fee', null, null, 12),
(245, 93, 'Medicine', null, 123, null),
(246, 93, 'Medicine', null, 124, null),
(247, 93, 'Treatment', 94, null, null),
(248, 93, 'Treatment', 95, null, null),
(249, 93, 'Fee', null, null, 16),
(250, 94, 'Medicine', null, 125, null),
(251, 94, 'Medicine', null, 126, null),
(252, 94, 'Medicine', null, 127, null),
(253, 94, 'Treatment', 96, null, null),
(254, 94, 'Fee', null, null, 1),
(255, 95, 'Medicine', null, 128, null),
(256, 95, 'Medicine', null, 129, null),
(257, 95, 'Medicine', null, 130, null),
(258, 95, 'Treatment', 97, null, null),
(259, 95, 'Treatment', 98, null, null),
(260, 95, 'Fee', null, null, 4),
(261, 96, 'Medicine', null, 131, null),
(262, 96, 'Medicine', null, 132, null),
(263, 96, 'Medicine', null, 133, null),
(264, 96, 'Treatment', 99, null, null),
(265, 96, 'Treatment', 100, null, null),
(266, 96, 'Fee', null, null, 16),
(267, 97, 'Medicine', null, 134, null),
(268, 97, 'Medicine', null, 135, null),
(269, 97, 'Medicine', null, 136, null),
(270, 97, 'Treatment', 101, null, null),
(271, 97, 'Fee', null, null, 8),
(272, 98, 'Medicine', null, 137, null),
(273, 98, 'Treatment', 102, null, null),
(274, 98, 'Treatment', 103, null, null),
(275, 98, 'Fee', null, null, 3),
(276, 99, 'Medicine', null, 138, null),
(277, 99, 'Medicine', null, 139, null),
(278, 99, 'Treatment', 104, null, null),
(279, 99, 'Treatment', 105, null, null),
(280, 99, 'Fee', null, null, 9),
(281, 100, 'Medicine', null, 140, null),
(282, 100, 'Medicine', null, 141, null),
(283, 100, 'Medicine', null, 142, null),
(284, 100, 'Treatment', 106, null, null),
(285, 100, 'Fee', null, null, 4),
(286, 101, 'Medicine', null, 143, null),
(287, 101, 'Medicine', null, 144, null),
(288, 101, 'Treatment', 107, null, null),
(289, 101, 'Fee', null, null, 16),
(290, 102, 'Medicine', null, 145, null),
(291, 102, 'Treatment', 108, null, null),
(292, 102, 'Fee', null, null, 2),
(293, 103, 'Medicine', null, 146, null),
(294, 103, 'Medicine', null, 147, null),
(295, 103, 'Treatment', 109, null, null),
(296, 103, 'Fee', null, null, 5),
(297, 104, 'Medicine', null, 148, null),
(298, 104, 'Treatment', 110, null, null),
(299, 104, 'Treatment', 111, null, null),
(300, 104, 'Fee', null, null, 5),
(301, 105, 'Medicine', null, 149, null),
(302, 105, 'Treatment', 112, null, null),
(303, 105, 'Fee', null, null, 10),
(304, 106, 'Medicine', null, 150, null),
(305, 106, 'Treatment', 113, null, null),
(306, 106, 'Treatment', 114, null, null),
(307, 106, 'Fee', null, null, 9),
(308, 107, 'Medicine', null, 151, null),
(309, 107, 'Treatment', 115, null, null),
(310, 107, 'Fee', null, null, 16),
(311, 108, 'Medicine', null, 152, null),
(312, 108, 'Medicine', null, 153, null),
(313, 108, 'Treatment', 116, null, null),
(314, 108, 'Treatment', 117, null, null),
(315, 108, 'Fee', null, null, 3),
(316, 109, 'Medicine', null, 154, null),
(317, 109, 'Medicine', null, 155, null),
(318, 109, 'Treatment', 118, null, null),
(319, 109, 'Fee', null, null, 7),
(320, 110, 'Medicine', null, 156, null),
(321, 110, 'Medicine', null, 157, null),
(322, 110, 'Treatment', 119, null, null),
(323, 110, 'Treatment', 120, null, null),
(324, 110, 'Fee', null, null, 3),
(325, 111, 'Medicine', null, 158, null),
(326, 111, 'Medicine', null, 159, null),
(327, 111, 'Treatment', 121, null, null),
(328, 111, 'Fee', null, null, 3),
(329, 112, 'Medicine', null, 160, null),
(330, 112, 'Treatment', 122, null, null),
(331, 112, 'Treatment', 123, null, null),
(332, 112, 'Fee', null, null, 7),
(333, 113, 'Medicine', null, 161, null),
(334, 113, 'Medicine', null, 162, null),
(335, 113, 'Treatment', 124, null, null),
(336, 113, 'Treatment', 125, null, null),
(337, 113, 'Fee', null, null, 3),
(338, 114, 'Medicine', null, 163, null),
(339, 114, 'Medicine', null, 164, null),
(340, 114, 'Medicine', null, 165, null),
(341, 114, 'Treatment', 126, null, null),
(342, 114, 'Fee', null, null, 3),
(343, 115, 'Medicine', null, 166, null),
(344, 115, 'Treatment', 127, null, null),
(345, 115, 'Treatment', 128, null, null),
(346, 115, 'Fee', null, null, 16),
(347, 116, 'Medicine', null, 167, null),
(348, 116, 'Treatment', 129, null, null),
(349, 116, 'Fee', null, null, 5),
(350, 117, 'Medicine', null, 168, null),
(351, 117, 'Treatment', 130, null, null),
(352, 117, 'Fee', null, null, 10),
(353, 118, 'Medicine', null, 169, null),
(354, 118, 'Medicine', null, 170, null),
(355, 118, 'Medicine', null, 171, null),
(356, 118, 'Treatment', 131, null, null),
(357, 118, 'Treatment', 132, null, null),
(358, 118, 'Fee', null, null, 5),
(359, 119, 'Medicine', null, 172, null),
(360, 119, 'Medicine', null, 173, null),
(361, 119, 'Treatment', 133, null, null),
(362, 119, 'Treatment', 134, null, null),
(363, 119, 'Fee', null, null, 13),
(364, 120, 'Medicine', null, 174, null),
(365, 120, 'Medicine', null, 175, null),
(366, 120, 'Medicine', null, 176, null),
(367, 120, 'Treatment', 135, null, null),
(368, 120, 'Treatment', 136, null, null),
(369, 120, 'Fee', null, null, 9),
(370, 121, 'Medicine', null, 177, null),
(371, 121, 'Medicine', null, 178, null),
(372, 121, 'Treatment', 137, null, null),
(373, 121, 'Treatment', 138, null, null),
(374, 121, 'Fee', null, null, 8);

INSERT INTO "public"."transaction_header" ("id", "bill_id", "transaction_code", "created_at") VALUES
(41, 62, 'TSC-041', '2025-11-06 16:46:00'),
(42, 63, 'TSC-042', '2025-09-09 17:27:00'),
(43, 64, 'TSC-043', '2024-12-24 12:32:00'),
(44, 65, 'TSC-044', '2024-09-25 10:08:00'),
(45, 66, 'TSC-045', '2024-04-03 08:55:00'),
(46, 67, 'TSC-046', '2024-07-06 12:29:00'),
(47, 68, 'TSC-047', '2025-04-02 17:47:00'),
(48, 69, 'TSC-048', '2026-03-15 13:59:00'),
(49, 70, 'TSC-049', '2024-12-18 10:17:00'),
(50, 71, 'TSC-050', '2025-10-18 10:27:00'),
(51, 72, 'TSC-051', '2024-08-08 11:52:00'),
(52, 73, 'TSC-052', '2025-04-09 08:45:00'),
(53, 74, 'TSC-053', '2025-11-07 16:30:00'),
(54, 75, 'TSC-054', '2024-03-21 08:57:00'),
(55, 76, 'TSC-055', '2024-05-11 13:57:00'),
(56, 77, 'TSC-056', '2025-07-16 08:24:00'),
(57, 78, 'TSC-057', '2025-01-12 11:41:00'),
(58, 79, 'TSC-058', '2025-11-20 09:50:00'),
(59, 80, 'TSC-059', '2025-04-25 15:36:00'),
(60, 81, 'TSC-060', '2025-06-16 16:33:00'),
(61, 82, 'TSC-061', '2024-09-10 10:40:00'),
(62, 83, 'TSC-062', '2025-05-28 17:27:00'),
(63, 84, 'TSC-063', '2026-05-22 11:27:00'),
(64, 85, 'TSC-064', '2026-05-19 08:48:00'),
(65, 86, 'TSC-065', '2024-07-28 16:52:00'),
(66, 87, 'TSC-066', '2024-08-04 18:53:00'),
(67, 88, 'TSC-067', '2025-04-23 11:36:00'),
(68, 89, 'TSC-068', '2025-07-11 18:45:00'),
(69, 90, 'TSC-069', '2024-03-06 09:39:00'),
(70, 91, 'TSC-070', '2026-04-09 08:36:00'),
(71, 92, 'TSC-071', '2025-05-24 13:51:00'),
(72, 93, 'TSC-072', '2025-09-11 17:14:00'),
(73, 94, 'TSC-073', '2025-04-28 13:06:00'),
(74, 95, 'TSC-074', '2024-11-28 08:08:00'),
(75, 96, 'TSC-075', '2024-02-05 12:39:00'),
(76, 97, 'TSC-076', '2024-07-04 13:51:00'),
(77, 98, 'TSC-077', '2025-12-25 12:58:00'),
(78, 99, 'TSC-078', '2025-01-22 09:17:00'),
(79, 100, 'TSC-079', '2024-03-13 16:45:00'),
(80, 101, 'TSC-080', '2025-02-13 12:47:00'),
(81, 102, 'TSC-081', '2026-03-05 15:04:00'),
(82, 103, 'TSC-082', '2024-08-04 13:45:00'),
(83, 104, 'TSC-083', '2025-11-23 18:25:00'),
(84, 105, 'TSC-084', '2024-09-25 16:53:00'),
(85, 106, 'TSC-085', '2025-04-12 18:36:00'),
(86, 107, 'TSC-086', '2024-08-12 08:26:00'),
(87, 108, 'TSC-087', '2024-09-24 17:33:00'),
(88, 109, 'TSC-088', '2025-01-21 14:23:00'),
(89, 110, 'TSC-089', '2025-05-17 14:52:00'),
(90, 111, 'TSC-090', '2025-11-10 12:28:00'),
(91, 112, 'TSC-091', '2025-01-20 10:43:00'),
(92, 113, 'TSC-092', '2025-03-23 15:05:00'),
(93, 114, 'TSC-093', '2026-04-17 14:49:00'),
(94, 115, 'TSC-094', '2025-10-18 09:32:00'),
(95, 116, 'TSC-095', '2024-12-02 10:28:00'),
(96, 117, 'TSC-096', '2025-10-14 11:55:00'),
(97, 118, 'TSC-097', '2025-03-09 13:48:00'),
(98, 119, 'TSC-098', '2025-03-11 17:20:00'),
(99, 120, 'TSC-099', '2026-01-07 08:28:00'),
(100, 121, 'TSC-100', '2026-02-23 15:20:00');

INSERT INTO "public"."transaction_line" ("id", "transaction_header_id", "transaction_line_code", "transaction_type", "amount") VALUES
(55, 41, 'DW-015', 'Digital Wallet', '3857.33'),
(56, 41, 'CC-015', 'Credit Card', '5206.16'),
(57, 42, 'DC-012', 'Debit Card', '3450.18'),
(58, 42, 'DW-016', 'Digital Wallet', '4056.05'),
(59, 43, 'CSH-016', 'Cash', '11514.8'),
(60, 44, 'CSH-017', 'Cash', '11201.93'),
(61, 45, 'CC-016', 'Credit Card', '8971.71'),
(62, 46, 'DC-013', 'Debit Card', '7499.1'),
(63, 46, 'DW-017', 'Digital Wallet', '4012.36'),
(64, 47, 'DC-014', 'Debit Card', '7145.22'),
(65, 48, 'CSH-018', 'Cash', '14206.09'),
(66, 48, 'CC-017', 'Credit Card', '5438.06'),
(67, 49, 'CSH-019', 'Cash', '3454.36'),
(68, 49, 'CC-018', 'Credit Card', '9092.67'),
(69, 50, 'CSH-020', 'Cash', '6973.04'),
(70, 51, 'DC-015', 'Debit Card', '7673.12'),
(71, 51, 'CSH-021', 'Cash', '7007.54'),
(72, 52, 'CC-019', 'Credit Card', '7588.55'),
(73, 52, 'DC-016', 'Debit Card', '8044.85'),
(74, 53, 'DW-018', 'Digital Wallet', '8426.9'),
(75, 54, 'CC-020', 'Credit Card', '5569.77'),
(76, 54, 'CSH-022', 'Cash', '11276.08'),
(77, 55, 'DW-019', 'Digital Wallet', '8996.87'),
(78, 55, 'CC-021', 'Credit Card', '8346.98'),
(79, 56, 'DW-020', 'Digital Wallet', '2251.98'),
(80, 57, 'CC-022', 'Credit Card', '3324.72'),
(81, 58, 'CC-023', 'Credit Card', '12799.5'),
(82, 58, 'CSH-023', 'Cash', '5626.07'),
(83, 59, 'CC-024', 'Credit Card', '7257.21'),
(84, 59, 'CC-025', 'Credit Card', '5980.68'),
(85, 60, 'CC-026', 'Credit Card', '5929.48'),
(86, 60, 'CC-027', 'Credit Card', '5566.05'),
(87, 61, 'CC-028', 'Credit Card', '12084.02'),
(88, 61, 'DW-021', 'Digital Wallet', '7856.69'),
(89, 62, 'DC-017', 'Debit Card', '12241.76'),
(90, 63, 'DC-018', 'Debit Card', '9848.28'),
(91, 63, 'CSH-024', 'Cash', '3187.25'),
(92, 64, 'CSH-025', 'Cash', '7912.74'),
(93, 64, 'DC-019', 'Debit Card', '5281.19'),
(94, 65, 'DW-022', 'Digital Wallet', '3211.72'),
(95, 66, 'DC-020', 'Debit Card', '6321.72'),
(96, 66, 'DW-023', 'Digital Wallet', '7919.48'),
(97, 67, 'DW-024', 'Digital Wallet', '10447.88'),
(98, 67, 'DC-021', 'Debit Card', '13080.44'),
(99, 68, 'DW-025', 'Digital Wallet', '9357.06'),
(100, 69, 'DC-022', 'Debit Card', '14905.0'),
(101, 69, 'DC-023', 'Debit Card', '2285.21'),
(102, 70, 'DC-024', 'Debit Card', '12796.14'),
(103, 70, 'DC-025', 'Debit Card', '13882.64'),
(104, 71, 'CC-029', 'Credit Card', '8129.2'),
(105, 72, 'DC-026', 'Debit Card', '2425.31'),
(106, 72, 'DC-027', 'Debit Card', '4824.51'),
(107, 73, 'CC-030', 'Credit Card', '14837.85'),
(108, 73, 'DC-028', 'Debit Card', '12380.68'),
(109, 74, 'DW-026', 'Digital Wallet', '2955.38'),
(110, 74, 'CSH-026', 'Cash', '6187.45'),
(111, 75, 'CSH-027', 'Cash', '12813.03'),
(112, 76, 'CSH-028', 'Cash', '9916.93'),
(113, 76, 'DC-029', 'Debit Card', '2376.39'),
(114, 77, 'CC-031', 'Credit Card', '4046.33'),
(115, 78, 'DC-030', 'Debit Card', '3559.8'),
(116, 78, 'DW-027', 'Digital Wallet', '11711.18'),
(117, 79, 'DW-028', 'Digital Wallet', '9655.33'),
(118, 80, 'DW-029', 'Digital Wallet', '10854.74'),
(119, 80, 'DC-031', 'Debit Card', '13235.21'),
(120, 81, 'CC-032', 'Credit Card', '6179.85'),
(121, 81, 'DW-030', 'Digital Wallet', '8517.77'),
(122, 82, 'CSH-029', 'Cash', '9575.61'),
(123, 82, 'CC-033', 'Credit Card', '13917.7'),
(124, 83, 'CSH-030', 'Cash', '5845.3'),
(125, 84, 'CC-034', 'Credit Card', '8942.14'),
(126, 84, 'DC-032', 'Debit Card', '14552.76'),
(127, 85, 'CC-035', 'Credit Card', '12803.61'),
(128, 85, 'CSH-031', 'Cash', '14303.37'),
(129, 86, 'CSH-032', 'Cash', '13776.15'),
(130, 86, 'CSH-033', 'Cash', '5327.01'),
(131, 87, 'CSH-034', 'Cash', '14394.25'),
(132, 87, 'CSH-035', 'Cash', '7075.9'),
(133, 88, 'CC-036', 'Credit Card', '13515.28'),
(134, 89, 'CC-037', 'Credit Card', '9091.17'),
(135, 89, 'DC-033', 'Debit Card', '3333.77'),
(136, 90, 'DC-034', 'Debit Card', '6707.96'),
(137, 91, 'DW-031', 'Digital Wallet', '4602.32'),
(138, 91, 'CC-038', 'Credit Card', '13086.74'),
(139, 92, 'DC-035', 'Debit Card', '7176.08'),
(140, 93, 'CC-039', 'Credit Card', '10255.74'),
(141, 93, 'DC-036', 'Debit Card', '3627.21'),
(142, 94, 'DW-032', 'Digital Wallet', '5866.64'),
(143, 95, 'CSH-036', 'Cash', '5772.76'),
(144, 96, 'DW-033', 'Digital Wallet', '5714.73'),
(145, 96, 'CSH-037', 'Cash', '13013.24'),
(146, 97, 'DW-034', 'Digital Wallet', '8751.33'),
(147, 97, 'CC-040', 'Credit Card', '9881.39'),
(148, 98, 'CC-041', 'Credit Card', '2410.42'),
(149, 99, 'CC-042', 'Credit Card', '14239.31'),
(150, 99, 'DC-037', 'Debit Card', '12025.27'),
(151, 100, 'CSH-038', 'Cash', '10707.84');


-- ─────────────────────────────────────────────────────────────────────────────
-- Re-sync identity sequences after seeding.
-- The rows above are inserted with explicit "id" values. Because every table
-- uses `generated BY DEFAULT as identity`, Postgres does NOT advance the
-- sequence when an id is given explicitly. Without this fix, the next app
-- INSERT reuses id=1 and fails with: duplicate key value violates unique
-- constraint "<table>_pkey". This loop bumps every identity sequence to the
-- current MAX(id) so new inserts continue after the seeded data.
DO $$
DECLARE
  r   RECORD;
  seq TEXT;
  maxid BIGINT;
BEGIN
  FOR r IN
    SELECT c.relname AS tbl
    FROM pg_class c
    JOIN pg_namespace n ON n.oid = c.relnamespace
    JOIN pg_attribute a ON a.attrelid = c.oid AND a.attname = 'id'
    WHERE c.relkind = 'r' AND n.nspname = 'public'
      AND a.attidentity IN ('d', 'a')   -- identity columns only
  LOOP
    seq := pg_get_serial_sequence('public.' || quote_ident(r.tbl), 'id');
    IF seq IS NOT NULL THEN
      EXECUTE format('SELECT COALESCE(MAX(id), 0) FROM public.%I', r.tbl) INTO maxid;
      -- is_called = (maxid > 0): when the table is empty, leave the first id at 1
      PERFORM setval(seq, GREATEST(maxid, 1), maxid > 0);
    END IF;
  END LOOP;
END $$;












