\set ON_ERROR_STOP on

INSERT INTO "public"."blood_type" ("id", "blood_type_full", "blood_type", "rh_factor") VALUES (1, 'A+', 'A', 'Positive'), (3, 'A-', 'A', 'Negative'), (4, 'B+', 'B', 'Positive'), (5, 'B-', 'B', 'Negative'), (6, 'AB+', 'AB', 'Positive'), (7, 'AB-', 'AB', 'Negative'), (8, 'O+', 'O', 'Positive'), (9, 'O-', 'O', 'Negative');

INSERT INTO "public"."department" ("id", "department_code", "department_name", "location_description") VALUES (1, 'DPT-001', 'General Practice', 'Suite 101, Main Hallway'), (2, 'DPT-002', 'Pediatrics', 'Suite 102, Main Hallway'), (3, 'DPT-003', 'Dental Clinic', 'Suite 103, East Wing'), (4, 'DPT-004', 'Physiotherapy', 'Room 201, Second Floor'), (5, 'DPT-005', 'Nursing Station', 'Adjacent to Waiting Area'), (6, 'DPT-006', 'Laboratory', 'Room 105, Near Entrance'), (7, 'DPT-007', 'Reception & Billing', 'Main Lobby'), (8, 'DPT-008', 'Pharmacy', 'Next to Exit'), (9, 'DPT-009', 'Optometry', 'Room 202, Second Floor'), (10, 'DPT-010', 'Radiology (X-Ray)', 'Basement Level, Room B1'), (11, 'DPT-011', 'Mental Health Counseling', 'Suite 204, Quiet Zone'), (12, 'DPT-012', 'Consultation Room A', 'Room 106, Main Hallway'), (13, 'DPT-013', 'Emergency Room', 'Ground Floor, West Wing'), (14, 'DPT-014', 'ICU', 'Critical Care Unit, Floor 2'), (15, 'DPT-015', 'Cardiology', 'Suite 301, Heart Center'), (16, 'DPT-016', 'Neurology', 'Suite 302, Brain Center'), (17, 'DPT-017', 'Oncology', 'Suite 303, Cancer Wing'), (18, 'DPT-018', 'Orthopedics', 'Room 210, Second Floor'), (19, 'DPT-019', 'Dermatology', 'Suite 104, East Wing'), (20, 'DPT-020', 'ENT Department', 'Room 107, Main Hallway');

INSERT INTO "public"."doctor" ("id", "created_at", "doctor_code", "doctor_name", "gender", "specialty", "department_id") VALUES (1, '2015-01-14 17:00:00+00', 'DOC-001', 'John Smith', 'Male', 'General Practice', 1), (2, '2015-03-21 17:00:00+00', 'DOC-002', 'Emily Johnson', 'Female', 'Pediatrics', 2), (3, '2015-06-09 17:00:00+00', 'DOC-003', 'Michael Brown', 'Male', 'Dentistry', 3), (4, '2015-11-05 00:00:00+00', 'DOC-004', 'Sarah Davis', 'Female', 'Physiotherapy', 4), (5, '2016-02-18 00:00:00+00', 'DOC-005', 'David Wilson', 'Male', 'Nursing Care', 5), (6, '2016-03-23 00:00:00+00', 'DOC-006', 'Laura Martinez', 'Female', 'Laboratory Medicine', 6), (7, '2016-09-14 00:00:00+00', 'DOC-007', 'James Anderson', 'Male', 'Administration', 7), (8, '2016-12-01 00:00:00+00', 'DOC-008', 'Linda Thomas', 'Female', 'Pharmacy', 8), (9, '2017-05-25 00:00:00+00', 'DOC-009', 'Robert Taylor', 'Male', 'Optometry', 9), (10, '2018-08-19 00:00:00+00', 'DOC-010', 'Patricia Moore', 'Female', 'Radiology', 10), (11, '2019-10-11 00:00:00+00', 'DOC-011', 'Charles Jackson', 'Male', 'Mental Health', 11), (12, '2020-01-05 00:00:00+00', 'DOC-012', 'Barbara White', 'Female', 'Consultation', 12), (13, '2020-04-17 00:00:00+00', 'DOC-013', 'Joseph Harris', 'Male', 'Emergency Medicine', 13), (14, '2021-07-23 00:00:00+00', 'DOC-014', 'Susan Martin', 'Female', 'Critical Care', 14), (15, '2021-09-09 00:00:00+00', 'DOC-015', 'Thomas Thompson', 'Male', 'Cardiology', 15), (16, '2022-03-12 00:00:00+00', 'DOC-016', 'Karen Garcia', 'Female', 'Neurology', 16), (17, '2022-06-28 00:00:00+00', 'DOC-017', 'Christopher Martinez', 'Male', 'Oncology', 17), (18, '2023-11-03 00:00:00+00', 'DOC-018', 'Nancy Robinson', 'Female', 'Orthopedics', 18), (19, '2023-08-16 00:00:00+00', 'DOC-019', 'Daniel Clark', 'Male', 'Dermatology', 19), (20, '2024-05-21 00:00:00+00', 'DOC-020', 'Jessica Rodriguez', 'Female', 'ENT', 20);

INSERT INTO "public"."medicine" ("id", "medicine_code", "medicine_name", "generic_name", "medicine_type", "unit_cost") VALUES (1, 'AFG-001', 'Lotrimin', 'Clotrimazole', 'Antifungals', '120'), (2, 'AHM-001', 'Allegra', 'Fexofenadine', 'Antihistamines', '350'), (3, 'AGS-001', 'Aleve', 'Naproxen', 'Analgesics', '90'), (4, 'ABT-001', 'Cipro', 'Ciprofloxacin', 'Antibiotics', '60'), (5, 'ABT-002', 'Zithromax', 'Azithromycin', 'Antibiotics', '280'), (6, 'ABT-003', 'Augmentin', 'Amoxicillin/Clavulanate', 'Antibiotics', '65'), (7, 'ABT-004', 'Vibramycin', 'Doxycycline', 'Antibiotics', '150'), (8, 'AHM-002', 'Claritin', 'Loratadine', 'Antihistamines', '180'), (9, 'AFG-002', 'Nizoral', 'Ketoconazole', 'Antifungals', '100'), (10, 'AFG-003', 'Lamisil', 'Terbinafine', 'Antifungals', '320'), (11, 'ABT-005', 'Zinnat', 'Cefuroxime', 'Antibiotics', '140'), (12, 'AHM-003', 'Zyrtec', 'Cetirizine', 'Antihistamines', '200'), (13, 'AFG-004', 'Mycostatin', 'Nystatin', 'Antifungals', '130'), (14, 'AGS-002', 'Tylenol', 'Paracetamol', 'Analgesics', '50'), (15, 'AFG-005', 'Diflucan', 'Fluconazole', 'Antifungals', '220'), (16, 'AFG-006', 'Sporanox', 'Itraconazole', 'Antifungals', '210'), (17, 'AGS-003', 'Advil', 'Ibuprofen', 'Analgesics', '45'), (18, 'ABT-006', 'Keflex', 'Cephalexin', 'Antibiotics', '160'), (19, 'AGS-004', 'Bayer', 'Aspirin', 'Analgesics', '70'), (20, 'ABT-007', 'Amoxil', 'Amoxicillin', 'Antibiotics', '120');

INSERT INTO "public"."treatment" ("id", "treatment_code", "treatment_name", "unit_cost") VALUES (1, 'TRM-001', 'Physical Therapy', '900'), (2, 'TRM-002', 'LED light therapy', '1500'), (3, 'TRM-003', 'Chemotherapy', '5000'), (4, 'TRM-004', 'Radiation therapy', '4500'), (5, 'TRM-005', 'Surgery', '10000'), (6, 'TRM-006', 'Medication therapy', '800'), (7, 'TRM-007', 'Cognitive behavioral therapy', '1200'), (8, 'TRM-008', 'Acupuncture', '700'), (9, 'TRM-009', 'Massage therapy', '600'), (10, 'TRM-010', 'Hydrotherapy', '900'), (11, 'TRM-011', 'Oxygen therapy', '1100'), (12, 'TRM-012', 'Immunotherapy', '5500'), (13, 'TRM-013', 'Dialysis', '4000'), (14, 'TRM-014', 'Physical rehabilitation', '950'), (15, 'TRM-015', 'Nutritional therapy', '500'), (16, 'TRM-016', 'Psychotherapy', '1300'), (17, 'TRM-017', 'Chiropractic treatment', '850'), (18, 'TRM-018', 'Dermatological treatment', '750'), (19, 'TRM-019', 'ENT treatment', '1200'), (20, 'TRM-020', 'Cardiac rehabilitation', '2000'), (21, 'TRM-021', 'Neurological therapy', '2200'), (22, 'TRM-022', 'Orthopedic treatment', '1800');

INSERT INTO "public"."fee" ("id", "fee_code", "fee_name", "fee_price") VALUES (1, 'FEE-001', 'Consultation Fee', '500'), (2, 'FEE-002', 'Registration Fee', '200'), (3, 'FEE-003', 'Follow-up Visit', '300'), (4, 'FEE-004', 'Emergency Service', '1500'), (5, 'FEE-005', 'Room Charge (General Ward)', '1000'), (6, 'FEE-006', 'Room Charge (Private Room)', '2500'), (7, 'FEE-007', 'ICU Charge', '5000'), (8, 'FEE-008', 'Medical Certificate', '150'), (9, 'FEE-009', 'Blood Test Fee', '400'), (10, 'FEE-010', 'X-Ray Fee', '800'), (11, 'FEE-011', 'MRI Scan', '6000'), (12, 'FEE-012', 'CT Scan', '4500'), (13, 'FEE-013', 'Injection Service', '250'), (14, 'FEE-014', 'Wound Dressing', '350'), (15, 'FEE-015', 'Ambulance Service', '2000'), (16, 'FEE-016', 'Vaccination Fee', '600'), (17, 'FEE-017', 'Health Checkup Package', '3000'), (18, 'FEE-018', 'Insurance Processing Fee', '250');

INSERT INTO "public"."medical_condition" ("id", "condition_code", "condition_name", "description") VALUES (1, 'MNT-001', 'Schizophrenia', 'severe mental disorder affecting how a person thinks, feels, and behaves, often causing a disconnection from reality. Symptoms include hallucinations, delusions, and disorganized speech.'), (2, 'DGS-001', 'Diarrhea', 'loose, watery stools, usually caused by viral gastroenteritis, bacteria, or parasites.'), (3, 'RSP-001', 'Asthma', 'a chronic, often lifelong, respiratory condition characterized by airway inflammation, narrowing, and mucus production, causing wheezing, shortness of breath, chest tightness, and coughing.'), (4, 'MNT-002', 'Depression', 'persistent feeling of sadness and loss of interest affecting daily functioning'), (5, 'MNT-003', 'Anxiety Disorder', 'excessive fear or worry that interferes with daily activities'), (6, 'DGS-002', 'Gastritis', 'inflammation of the stomach lining causing pain and nausea'), (7, 'DGS-003', 'Constipation', 'infrequent or difficult bowel movements often causing discomfort'), (8, 'RSP-002', 'Asthma', 'chronic condition causing airway inflammation and breathing difficulty'), (9, 'RSP-003', 'Bronchitis', 'inflammation of the bronchial tubes leading to cough and mucus production'), (10, 'CRD-001', 'Hypertension', 'high blood pressure increasing risk of heart disease and stroke'), (11, 'CRD-002', 'Coronary Artery Disease', 'narrowing of heart arteries reducing blood flow to the heart'), (12, 'NRL-001', 'Epilepsy', 'neurological disorder marked by recurrent seizures'), (13, 'NRL-002', 'Migraine', 'severe recurring headaches often accompanied by nausea and sensitivity to light'), (14, 'SKN-001', 'Eczema', 'skin condition causing itchy and inflamed patches'), (15, 'SKN-002', 'Acne', 'common skin condition involving clogged pores and pimples'), (16, 'END-001', 'Diabetes', 'metabolic disorder characterized by high blood sugar levels'), (17, 'END-002', 'Hypothyroidism', 'underactive thyroid gland leading to fatigue and weight gain'), (18, 'MUS-001', 'Arthritis', 'inflammation of joints causing pain and stiffness'), (19, 'MUS-002', 'Osteoporosis', 'weakening of bones increasing fracture risk'), (20, 'INF-001', 'Influenza', 'viral infection causing fever, aches, and respiratory symptoms'), (21, 'INF-002', 'Tuberculosis', 'bacterial infection affecting the lungs and spreading through air'), (22, 'MNT-004', 'Bipolar Disorder', 'mental condition with extreme mood swings between highs and lows'), (23, 'DGS-004', 'Peptic Ulcer', 'sores in the stomach lining causing burning pain');

INSERT INTO "public"."patient" ("id", "created_at",  "patient_name", "gender", "date_of_birth", "blood_type_id", "patient_code") VALUES (1, '2026-03-23 10:57:30.31923+00', 'William Young', 'Male', '1990-08-21', 4, 'PAT-001'), (2, '2026-03-08 10:57:30.319309+00', 'Deborah Patterson', 'Female', '1956-08-28', 3, 'PAT-002'), (3, '2026-03-21 11:31:32.545914+00', 'John Doe', 'Male', '2000-03-18', 4, 'PAT-003'), (4, '2026-02-28 10:57:30.319362+00', 'Carol Phillips', 'Male', '1983-05-23', 7, 'PAT-004'), (5, '2026-03-16 10:57:30.31938+00', 'Jason Reed', 'Female', '2005-12-12', 1, 'PAT-005'), (6, '2026-03-22 10:57:30.319398+00', 'Emily Davis', 'Female', '2005-06-18', 7, 'PAT-006'), (7, '2026-02-22 10:57:30.319415+00', 'Timothy Henderson', 'Male', '2007-01-16', 4, 'PAT-007'), (8, '2026-03-15 10:57:30.319432+00', 'Steven Stewart', 'Male', '1991-08-10', 3, 'PAT-008'), (9, '2026-03-02 10:57:30.319449+00', 'Joseph Robinson', 'Female', '1993-11-21', 6, 'PAT-009'), (10, '2026-03-19 10:57:30.319466+00', 'Emily Davis', 'Male', '1967-01-19', 1, 'PAT-010'), (11, '2026-03-03 10:57:30.319482+00', 'Donna Cooper', 'Male', '1955-05-23', 4, 'PAT-011'), (12, '2026-02-21 10:57:30.319503+00', 'Nancy Butler', 'Female', '1955-10-31', 7, 'PAT-012'), (13, '2026-03-08 10:57:30.319521+00', 'Sandra Gonzales', 'Male', '1974-03-18', 6, 'PAT-013'), (14, '2026-03-02 10:57:30.319538+00', 'Sandra Sullivan', 'Female', '1988-02-09', 9, 'PAT-014'), (15, '2026-03-18 10:57:30.319554+00', 'Ronald Wood', 'Female', '2002-04-19', 4, 'PAT-015'), (16, '2026-03-23 10:57:30.31957+00', 'Jason Gray', 'Male', '1971-12-18', 8, 'PAT-016'), (17, '2026-03-21 10:57:30.319609+00', 'Jason Reed', 'Female', '2013-10-24', 4, 'PAT-017'), (18, '2026-02-28 10:57:30.319631+00', 'Helen Knight', 'Male', '1970-04-24', 4, 'PAT-018'), (19, '2026-03-09 10:57:30.319649+00', 'Nancy Price', 'Female', '1994-10-18', 1, 'PAT-019'), (20, '2026-03-03 10:57:30.319678+00', 'Andrew Lewis', 'Male', '1977-03-21', 6, 'PAT-020'), (21, '2026-03-18 10:57:30.3197+00', 'Betty Cook', 'Male', '1957-02-12', 1, 'PAT-021'), (22, '2026-03-10 10:57:30.319729+00', 'William Young', 'Female', '2002-10-10', 8, 'PAT-022'), (23, '2026-03-19 10:57:30.319753+00', 'Nancy Butler', 'Male', '1969-11-13', 5, 'PAT-023'), (24, '2026-02-26 10:57:30.319783+00', 'Timothy Henderson', 'Male', '2005-07-05', 8, 'PAT-024'), (25, '2026-03-14 10:57:30.319804+00', 'Sandra Cruz', 'Male', '1953-10-27', 1, 'PAT-025'), (26, '2026-02-24 10:57:30.319822+00', 'Andrew Nguyen', 'Female', '1983-01-03', 4, 'PAT-026'), (27, '2026-02-21 10:57:30.319839+00', 'Ronald Wood', 'Female', '1973-08-15', 1, 'PAT-027'), (28, '2026-02-27 10:57:30.319856+00', 'Patricia Wright', 'Male', '1965-06-08', 8, 'PAT-028'), (29, '2026-02-25 10:57:30.319873+00', 'Kevin Kim', 'Female', '1955-12-11', 3, 'PAT-029'), (30, '2026-03-09 10:57:30.319889+00', 'Sandra Morgan', 'Female', '1966-03-27', 4, 'PAT-030'), (31, '2026-02-27 10:57:30.319906+00', 'Donald Torres', 'Female', '1979-10-11', 1, 'PAT-031'), (32, '2026-02-26 10:57:30.319922+00', 'Timothy Henderson', 'Female', '1965-08-18', 7, 'PAT-032'), (33, '2026-03-12 10:57:30.319938+00', 'Matthew Mitchell', 'Female', '2004-04-03', 1, 'PAT-033'), (34, '2026-03-10 10:57:30.319955+00', 'Ruth Morris', 'Male', '1994-07-15', 7, 'PAT-034'), (35, '2026-03-06 10:57:30.319972+00', 'Ashley Hill', 'Male', '2008-04-08', 3, 'PAT-035'), (36, '2026-03-11 10:57:30.320004+00', 'Timothy Diaz', 'Female', '1957-08-18', 8, 'PAT-036'), (37, '2026-02-23 10:57:30.320026+00', 'Sandra Coleman', 'Female', '1956-10-26', 8, 'PAT-037'), (38, '2026-02-23 10:57:30.320043+00', 'Mary Ortiz', 'Male', '1955-12-06', 1, 'PAT-038'), (39, '2026-03-16 10:57:30.32006+00', 'Sandra Gomez', 'Male', '1999-10-13', 3, 'PAT-039'), (40, '2026-03-08 10:57:30.320076+00', 'Edward Rivera', 'Male', '2015-08-19', 7, 'PAT-040'), (41, '2026-02-21 10:57:30.320093+00', 'Timothy Henderson', 'Male', '1997-11-03', 9, 'PAT-041'), (42, '2026-03-18 10:57:30.320109+00', 'Mark Evans', 'Female', '2014-04-13', 9, 'PAT-042'), (43, '2026-02-25 10:57:30.320145+00', 'Ruth Morris', 'Male', '1999-06-16', 7, 'PAT-043'), (44, '2026-03-12 10:57:30.320164+00', 'Deborah Morales', 'Female', '1971-08-13', 9, 'PAT-044'), (45, '2026-03-21 10:57:30.320191+00', 'Betty Cook', 'Male', '1960-10-23', 7, 'PAT-045'), (46, '2026-03-11 10:57:30.320213+00', 'Sharon Parker', 'Male', '2013-06-11', 6, 'PAT-046'), (47, '2026-03-05 10:57:30.320242+00', 'Helen Cox', 'Male', '1990-01-07', 7, 'PAT-047'), (48, '2026-03-19 10:57:30.320261+00', 'Mary Bailey', 'Male', '1967-09-14', 8, 'PAT-048'), (49, '2026-03-10 10:57:30.320279+00', 'Sandra Gutierrez', 'Male', '1980-07-30', 7, 'PAT-049'), (50, '2026-03-18 10:57:30.320296+00', 'Sarah Taylor', 'Female', '1954-12-21', 9, 'PAT-050'), (51, '2026-03-01 10:57:30.320313+00', 'Timothy Diaz', 'Female', '1982-04-12', 4, 'PAT-051'), (52, '2026-03-02 10:57:30.32033+00', 'Brian Perry', 'Male', '1957-10-02', 4, 'PAT-052'), (53, '2026-03-22 10:57:30.320347+00', 'Edward Powell', 'Female', '1954-02-22', 1, 'PAT-053'), (54, '2026-03-19 10:57:30.320377+00', 'Ashley Hill', 'Male', '1987-10-06', 8, 'PAT-054'), (55, '2026-03-22 10:57:30.320397+00', 'Timothy Henderson', 'Male', '1962-11-14', 9, 'PAT-055'), (56, '2026-03-14 10:57:30.320424+00', 'Jessica Martinez', 'Male', '1953-01-03', 4, 'PAT-056'), (57, '2026-02-25 10:57:30.320442+00', 'Jane Smith', 'Female', '1963-01-06', 3, 'PAT-057'), (58, '2026-03-19 10:57:30.320459+00', 'Joseph Robinson', 'Male', '1975-11-12', 6, 'PAT-058'), (59, '2026-03-11 10:57:30.320475+00', 'Dorothy Allen', 'Male', '1973-07-27', 9, 'PAT-059'), (60, '2026-03-23 10:57:30.320494+00', 'Betty Cook', 'Male', '1970-01-14', 1, 'PAT-060'), (61, '2026-03-02 10:57:30.320513+00', 'Sandra Gonzales', 'Male', '1952-10-02', 7, 'PAT-061'), (62, '2026-02-27 10:57:30.32053+00', 'Nancy Price', 'Male', '2002-02-27', 6, 'PAT-062'), (63, '2026-03-08 10:57:30.320546+00', 'Nancy Butler', 'Male', '1961-08-14', 4, 'PAT-063'), (64, '2026-03-20 10:57:30.320562+00', 'Paul Collins', 'Male', '1998-10-11', 9, 'PAT-064'), (65, '2026-03-16 10:57:30.320579+00', 'Kenneth Peterson', 'Female', '1963-08-02', 6, 'PAT-065'), (66, '2026-02-27 10:57:30.320595+00', 'Edward Jordan', 'Male', '1998-10-29', 8, 'PAT-066'), (67, '2026-03-12 10:57:30.320611+00', 'George Myers', 'Male', '2011-02-17', 3, 'PAT-067'), (68, '2026-03-05 10:57:30.320643+00', 'Lisa Murphy', 'Female', '2000-01-03', 4, 'PAT-068'), (69, '2026-03-15 10:57:30.320664+00', 'Paul Collins', 'Female', '1969-04-17', 4, 'PAT-069'), (70, '2026-03-04 10:57:30.320682+00', 'Donna Roberts', 'Female', '1992-01-19', 6, 'PAT-070'), (71, '2026-03-05 10:57:30.320699+00', 'Brian Kelly', 'Female', '1962-04-29', 9, 'PAT-071'), (72, '2026-02-27 10:57:30.320715+00', 'John Doe', 'Male', '1968-07-11', 5, 'PAT-072'), (73, '2026-03-09 10:57:30.320732+00', 'Kenneth Peterson', 'Male', '1954-11-09', 1, 'PAT-073'), (74, '2026-03-14 10:57:30.320749+00', 'Anthony Carter', 'Male', '1982-07-22', 7, 'PAT-074'), (75, '2026-03-13 10:57:30.320778+00', 'James White', 'Female', '1951-09-02', 7, 'PAT-075'), (76, '2026-02-22 10:57:30.320803+00', 'Carol Phillips', 'Male', '2011-02-12', 1, 'PAT-076'), (77, '2026-03-10 10:57:30.320831+00', 'Timothy Barbosa', 'Male', '1978-02-03', 8, 'PAT-077'), (78, '2026-03-07 10:57:30.320854+00', 'Ruth Morris', 'Male', '1971-03-09', 6, 'PAT-078'), (79, '2026-03-17 10:57:30.320873+00', 'Sandra Gomez', 'Male', '1964-12-20', 3, 'PAT-079'), (80, '2026-02-25 10:57:30.320902+00', 'Robert Garcia', 'Male', '1959-05-07', 4, 'PAT-080'), (81, '2026-03-22 10:57:30.320929+00', 'Michael Wilson', 'Female', '2009-06-03', 8, 'PAT-081'), (82, '2026-02-28 10:57:30.320951+00', 'Linda Anderson', 'Female', '1963-12-14', 1, 'PAT-082'), (83, '2026-02-24 10:57:30.320969+00', 'Sandra Adams', 'Male', '1998-01-11', 6, 'PAT-083'), (84, '2026-03-13 10:57:30.320995+00', 'Jane Smith', 'Male', '2005-09-30', 8, 'PAT-084'), (85, '2026-03-13 10:57:30.321019+00', 'Joseph Robinson', 'Female', '2003-08-03', 5, 'PAT-085'), (86, '2026-03-12 10:57:30.321038+00', 'Ronald Ross', 'Male', '1962-02-12', 4, 'PAT-086'), (87, '2026-03-07 10:57:30.321055+00', 'Emily Davis', 'Female', '1992-06-11', 7, 'PAT-087'), (88, '2026-03-15 10:57:30.321072+00', 'Ashley Hill', 'Female', '1986-12-23', 5, 'PAT-088'), (89, '2026-02-26 10:57:30.321088+00', 'Emily Davis', 'Female', '1993-08-02', 9, 'PAT-089'), (90, '2026-03-17 10:57:30.321104+00', 'Brian Alexander', 'Male', '1963-06-29', 6, 'PAT-090'), (91, '2026-03-17 10:57:30.321134+00', 'Karen Hall', 'Male', '1963-01-05', 9, 'PAT-091'), (92, '2026-03-11 10:57:30.321162+00', 'Margaret Clark', 'Female', '1969-08-06', 4, 'PAT-092'), (93, '2026-03-13 10:57:30.32119+00', 'George Barnes', 'Male', '1962-04-08', 5, 'PAT-093'), (94, '2026-03-21 10:57:30.321213+00', 'Lisa Murphy', 'Female', '1993-12-07', 7, 'PAT-094'), (95, '2026-03-03 10:57:30.321238+00', 'Sharon Parker', 'Male', '1955-06-19', 4, 'PAT-095'), (96, '2026-02-22 10:57:30.32126+00', 'Mary Ortiz', 'Male', '1975-01-21', 8, 'PAT-096'), (97, '2026-03-02 10:57:30.321287+00', 'Edward Brooks', 'Female', '1985-11-06', 6, 'PAT-097'), (98, '2026-03-18 10:57:30.321313+00', 'Kevin Bell', 'Female', '2010-07-01', 3, 'PAT-098'), (99, '2026-03-08 10:57:30.321341+00', 'Betty Cook', 'Female', '2010-06-30', 3, 'PAT-099'), (100, '2026-03-13 10:57:30.321362+00', 'Karen Hall', 'Female', '2005-02-04', 9, 'PAT-100');

INSERT INTO "public"."visit" ("id", "created_at", "patient_id", "visit_code", "visit_type", "reported_symptoms", "blood_pressure", "height", "weight", "temperature", "read_only") VALUES (1, '2025-12-24 13:02:22+00', 7, 'VST-001', 'IPD', 'Abdominal Pain', '102/90', '166', '109', '36.6', true), (2, '2024-12-19 13:02:22+00', 88, 'VST-002', 'OPD', 'Cough', '97/77', '161', '104', '36.2', true), (3, '2025-06-29 13:02:22+00', 12, 'VST-003', 'IPD', 'Vomiting', '137/75', '175', '79', '36.8', true), (4, '2025-03-30 13:02:22+00', 90, 'VST-004', 'IPD', 'Vomiting', '118/100', '156', '87', '38.6', true), (5, '2024-06-07 13:02:22+00', 6, 'VST-005', 'IPD', 'Heart Palpitations', '94/60', '162', '45', '38.7', true), (6, '2025-01-02 13:02:22+00', 5, 'VST-006', 'OPD', 'Fatigue', '109/69', '194', '78', '36.2', true), (7, '2024-11-10 13:02:22+00', 56, 'VST-007', 'IPD', 'Cough', '111/72', '165', '103', '38.2', true), (8, '2024-04-03 13:02:22+00', 95, 'VST-008', 'OPD', 'Shortness of Breath', '118/69', '169', '82', '39.2', true), (9, '2026-01-14 13:02:22+00', 20, 'VST-009', 'OPD', 'Headache', '95/90', '191', '82', '38.2', true), (10, '2025-11-01 13:02:22+00', 98, 'VST-010', 'OPD', 'Fatigue', '118/86', '152', '100', '37.4', true), (11, '2024-07-01 13:02:22+00', 56, 'VST-011', 'IPD', 'Abdominal Pain', '110/68', '166', '62', '37.8', true), (12, '2024-08-31 13:02:22+00', 14, 'VST-012', 'OPD', 'Shortness of Breath', '131/89', '184', '70', '37.1', true), (13, '2024-07-10 13:02:22+00', 26, 'VST-013', 'IPD', 'Abdominal Pain', '90/66', '168', '72', '37.5', true), (14, '2025-06-04 13:02:22+00', 50, 'VST-014', 'IPD', 'Back Pain', '140/86', '161', '57', '38.5', true), (15, '2025-05-25 13:02:22+00', 87, 'VST-015', 'IPD', 'Blurred Vision', '127/91', '154', '54', '37.0', true), (16, '2025-05-31 13:02:22+00', 32, 'VST-016', 'IPD', 'Diarrhea', '100/79', '164', '68', '37.6', true), (17, '2025-06-18 13:02:22+00', 30, 'VST-017', 'IPD', 'Headache', '106/73', '158', '89', '36.5', true), (18, '2024-09-15 13:02:22+00', 25, 'VST-018', 'IPD', 'Vomiting', '140/75', '187', '52', '36.3', true), (19, '2025-01-26 13:02:22+00', 37, 'VST-019', 'IPD', 'Shortness of Breath', '134/70', '157', '105', '38.1', true), (20, '2025-01-12 13:02:22+00', 24, 'VST-020', 'OPD', 'Fatigue', '140/78', '170', '108', '36.2', true), (21, '2025-09-22 13:02:22+00', 43, 'VST-021', 'IPD', 'Joint Pain', '111/98', '187', '63', '36.5', true), (22, '2025-10-12 13:02:22+00', 79, 'VST-022', 'OPD', 'Joint Pain', '126/62', '154', '79', '36.8', true), (23, '2024-12-27 13:02:22+00', 13, 'VST-023', 'IPD', 'Abdominal Pain', '138/100', '191', '72', '36.9', true), (24, '2025-11-07 13:02:22+00', 16, 'VST-024', 'IPD', 'Dizziness', '95/99', '158', '70', '37.6', true), (25, '2024-09-25 13:02:22+00', 25, 'VST-025', 'IPD', 'Shortness of Breath', '104/73', '182', '105', '39.3', true), (26, '2024-05-22 13:02:22+00', 77, 'VST-026', 'IPD', 'Fever', '104/80', '177', '53', '38.3', true), (27, '2025-08-17 13:02:22+00', 76, 'VST-027', 'IPD', 'High Blood Sugar', '105/93', '185', '61', '37.0', true), (28, '2025-03-04 13:02:22+00', 65, 'VST-028', 'OPD', 'Skin Rash', '134/100', '192', '64', '37.6', true), (29, '2025-03-13 13:02:22+00', 10, 'VST-029', 'OPD', 'Dizziness', '132/72', '161', '54', '38.1', true), (30, '2024-06-07 13:02:22+00', 72, 'VST-030', 'IPD', 'Sore Throat', '138/96', '159', '54', '37.8', true), (31, '2025-12-16 13:02:22+00', 94, 'VST-031', 'OPD', 'Shortness of Breath', '124/88', '157', '110', '39.2', true), (32, '2024-08-01 13:02:22+00', 58, 'VST-032', 'IPD', 'Fever', '104/81', '176', '110', '37.3', true), (33, '2025-07-03 13:02:22+00', 48, 'VST-033', 'OPD', 'Nausea', '119/74', '162', '108', '38.0', true), (34, '2025-12-11 13:02:22+00', 71, 'VST-034', 'OPD', 'Blurred Vision', '127/65', '172', '53', '37.8', true), (35, '2024-10-13 13:02:22+00', 70, 'VST-035', 'OPD', 'Diarrhea', '112/68', '186', '85', '36.6', true), (36, '2024-05-07 13:02:22+00', 7, 'VST-036', 'IPD', 'High Blood Sugar', '108/85', '188', '50', '36.9', true), (37, '2024-06-25 13:02:22+00', 68, 'VST-037', 'OPD', 'Joint Pain', '95/99', '178', '64', '37.1', true), (38, '2024-07-02 13:02:22+00', 52, 'VST-038', 'OPD', 'Back Pain', '120/76', '178', '81', '36.1', true), (39, '2024-07-28 13:02:22+00', 20, 'VST-039', 'IPD', 'Anxiety', '95/84', '150', '101', '38.1', true), (40, '2024-06-26 13:02:22+00', 52, 'VST-040', 'OPD', 'Vomiting', '114/87', '189', '96', '37.1', true), (41, '2025-02-10 13:02:22+00', 1, 'VST-041', 'OPD', 'Runny Nose', '110/72', '163', '60', '36.8', true), (42, '2025-02-14 13:02:22+00', 2, 'VST-042', 'OPD', 'Chest Pain', '145/92', '168', '72', '37.2', true), (43, '2025-02-18 13:02:22+00', 3, 'VST-043', 'IPD', 'High Fever', '130/85', '175', '80', '39.5', true), (44, '2025-02-20 13:02:22+00', 4, 'VST-044', 'OPD', 'Knee Pain', '120/78', '170', '90', '36.9', true), (45, '2025-02-25 13:02:22+00', 8, 'VST-045', 'OPD', 'Skin Rash', '115/75', '165', '68', '37.0', true), (46, '2025-03-01 13:02:22+00', 9, 'VST-046', 'IPD', 'Dizziness', '100/65', '158', '55', '38.2', true), (47, '2025-03-05 13:02:22+00', 11, 'VST-047', 'OPD', 'Fatigue', '112/70', '180', '85', '36.5', true), (48, '2025-03-09 13:02:22+00', 15, 'VST-048', 'OPD', 'Cough', '108/68', '162', '58', '37.8', true), (49, '2025-03-13 13:02:22+00', 17, 'VST-049', 'IPD', 'Abdominal Pain', '135/88', '155', '62', '38.0', true), (50, '2025-03-17 13:02:22+00', 18, 'VST-050', 'OPD', 'Headache', '125/80', '172', '75', '37.5', true), (51, '2025-03-21 13:02:22+00', 19, 'VST-051', 'OPD', 'Sore Throat', '118/76', '160', '64', '37.1', true), (52, '2025-03-25 13:02:22+00', 21, 'VST-052', 'IPD', 'Back Pain', '140/90', '178', '95', '38.6', true), (53, '2025-04-01 13:02:22+00', 22, 'VST-053', 'OPD', 'Nausea', '105/70', '155', '50', '36.7', true), (54, '2025-04-05 13:02:22+00', 23, 'VST-054', 'OPD', 'Joint Pain', '130/84', '168', '78', '37.3', true), (55, '2025-04-09 13:02:22+00', 27, 'VST-055', 'OPD', 'Diarrhea', '115/72', '164', '70', '37.9', true), (56, '2025-04-13 13:02:22+00', 28, 'VST-056', 'IPD', 'Shortness of Breath', '150/95', '182', '88', '39.1', true), (57, '2025-04-17 13:02:22+00', 29, 'VST-057', 'OPD', 'Eye Irritation', '108/68', '158', '60', '36.6', true), (58, '2025-04-21 13:02:22+00', 31, 'VST-058', 'OPD', 'Allergic Reaction', '120/79', '166', '72', '37.4', true), (59, '2025-04-25 13:02:22+00', 33, 'VST-059', 'IPD', 'High Blood Pressure', '162/102', '174', '83', '37.0', true), (60, '2025-04-29 13:02:22+00', 34, 'VST-060', 'OPD', 'Blurred Vision', '125/82', '170', '76', '36.8', true), (61, '2025-11-26 07:36:21+00', 5, 'VST-061', 'IPD', 'Abnormally fast heart rate', '150/120', '195', '80', '37', true);

INSERT INTO "public"."appointed_doctor" ("id", "visit_id", "appointed_doctor_code") VALUES (1, 1, 'ADH-001'), (2, 2, 'ADH-002'), (3, 3, 'ADH-003'), (4, 4, 'ADH-004'), (5, 5, 'ADH-005'), (6, 6, 'ADH-006'), (7, 7, 'ADH-007'), (8, 8, 'ADH-008'), (9, 9, 'ADH-009'), (10, 10, 'ADH-010'), (11, 11, 'ADH-011'), (12, 12, 'ADH-012'), (13, 13, 'ADH-013'), (14, 14, 'ADH-014'), (15, 15, 'ADH-015'), (16, 16, 'ADH-016'), (17, 17, 'ADH-017'), (18, 18, 'ADH-018'), (19, 19, 'ADH-019'), (20, 20, 'ADH-020'), (21, 21, 'ADH-021'), (22, 22, 'ADH-022'), (23, 23, 'ADH-023'), (24, 24, 'ADH-024'), (25, 25, 'ADH-025'), (26, 26, 'ADH-026'), (27, 27, 'ADH-027'), (28, 28, 'ADH-028'), (29, 29, 'ADH-029'), (30, 30, 'ADH-030'), (31, 31, 'ADH-031'), (32, 32, 'ADH-032'), (33, 33, 'ADH-033'), (34, 34, 'ADH-034'), (35, 35, 'ADH-035'), (36, 36, 'ADH-036'), (37, 37, 'ADH-037'), (38, 38, 'ADH-038'), (39, 39, 'ADH-039'), (40, 40, 'ADH-040');

INSERT INTO "public"."appointed_doctor_line" ("id", "appointed_doctor_id", "doctor_id", "notes") VALUES (1, 1, 1, null), (2, 1, 5, null), (3, 1, 11, null), (4, 2, 1, null), (5, 3, 15, null), (6, 3, 6, null), (7, 4, 13, null), (8, 5, 10, null), (9, 6, 20, null), (10, 7, 1, null), (11, 8, 5, null), (12, 8, 8, null), (13, 13, 14, null), (14, 9, 15, null), (15, 10, 19, null), (16, 10, 18, null), (17, 11, 5, null), (18, 12, 3, null), (19, 14, 2, null), (20, 15, 16, null), (21, 15, 11, null), (22, 16, 7, null), (23, 17, 4, null), (24, 17, 9, null), (25, 18, 12, null), (26, 19, 20, null), (27, 20, 6, null), (28, 21, 3, null), (29, 21, 15, null), (30, 22, 8, null), (31, 23, 13, null), (32, 24, 2, null), (33, 24, 16, null), (34, 25, 1, null), (35, 26, 17, null), (36, 27, 4, null), (37, 28, 9, null), (38, 29, 19, null), (39, 30, 20, null), (40, 31, 1, null), (41, 32, 5, 'due to following internal/external referral.'), (42, 33, 14, null), (43, 34, 7, null), (44, 34, 12, null), (45, 35, 3, null), (46, 36, 6, 'selected due to expertise in managing the condition'), (47, 37, 11, 'selected based on prior experience and familiarity with similar cases.'), (48, 38, 2, null), (49, 39, 18, 'to ensure continuity of care for ongoing treatment.'), (50, 40, 10, null), (51, 40, 13, null);

INSERT INTO "public"."prescription_chart" ("id", "visit_id", "prescription_chart_code") VALUES (1, 1, 'DPC-001'), (2, 2, 'DPC-002'), (3, 3, 'DPC-003'), (4, 4, 'DPC-004'), (5, 5, 'DPC-005'), (6, 6, 'DPC-006'), (7, 7, 'DPC-007'), (8, 8, 'DPC-008'), (9, 9, 'DPC-009'), (10, 10, 'DPC-010'), (11, 11, 'DPC-011'), (12, 12, 'DPC-012'), (13, 13, 'DPC-013'), (14, 14, 'DPC-014'), (15, 15, 'DPC-015'), (16, 16, 'DPC-016'), (17, 17, 'DPC-017'), (18, 18, 'DPC-018'), (19, 19, 'DPC-019'), (20, 20, 'DPC-020'), (21, 21, 'DPC-021'), (22, 22, 'DPC-022'), (23, 23, 'DPC-023'), (24, 24, 'DPC-024'), (25, 25, 'DPC-025'), (26, 26, 'DPC-026'), (27, 27, 'DPC-027'), (28, 28, 'DPC-028'), (29, 29, 'DPC-029'), (30, 30, 'DPC-030'), (31, 31, 'DPC-031'), (32, 32, 'DPC-032'), (33, 33, 'DPC-033'), (34, 34, 'DPC-034'), (35, 35, 'DPC-035'), (36, 36, 'DPC-036'), (37, 37, 'DPC-037'), (38, 38, 'DPC-038'), (39, 39, 'DPC-039'), (40, 40, 'DPC-040');

INSERT INTO "public"."prescription_chart_line" ("id", "prescription_chart_id", "medicine_id", "quantity", "dosage_notes") VALUES (1, 1, 1, '1', 'Apply twice daily after cleaning affected area'), (2, 1, 8, '1', 'Apply once daily after shower'), (3, 2, 2, '1', 'Take once daily before meals'), (4, 2, 8, '1', 'Take once daily in the morning'), (5, 3, 3, '1', 'Take twice daily after meals'), (6, 3, 14, '1', 'Take every 6 hours as needed for pain'), (7, 4, 4, '2', 'Take twice daily for 7 days'), (8, 5, 5, '1', 'Take once daily for 3 days'), (9, 5, 20, '1', 'Take twice daily for 5 days'), (10, 6, 6, '1', 'Take twice daily after meals'), (11, 7, 7, '1', 'Take once daily with food'), (12, 7, 11, '1', 'Take twice daily'), (13, 8, 10, '1', 'Apply once daily to affected area'), (14, 9, 12, '1', 'Take once daily in the evening'), (15, 9, 2, '1', 'Take once daily'), (16, 10, 13, '1', 'Apply twice daily'), (17, 11, 15, '1', 'Take single dose as prescribed'), (18, 11, 16, '1', 'Take single dose'), (19, 12, 18, '1', 'Take twice daily for infection'), (20, 13, 19, '1', 'Take once daily after meals'), (21, 13, 17, '1', 'Take every 8 hours as needed'), (22, 14, 20, '2', 'Take three times daily for 5 days'), (23, 15, 3, '1', 'Take twice daily after meals'), (24, 15, 14, '1', 'Take every 6 hours if needed'), (25, 16, 1, '1', 'Apply twice daily'), (26, 16, 10, '1', 'Apply once daily'), (27, 17, 2, '1', 'Take once daily'), (28, 17, 12, '1', 'Take once daily at night'), (29, 18, 4, '2', 'Take twice daily for 7 days'), (30, 18, 18, '1', 'Take twice daily'), (31, 19, 5, '1', 'Take once daily'), (32, 19, 7, '1', 'Take once daily with food'), (33, 20, 14, '1', 'Take every 6 hours for pain'), (34, 20, 19, '1', 'Take once daily after meals'), (35, 21, 3, '2', 'Take twice daily after meals'), (36, 21, 8, '1', 'Take once in the morning'), (37, 22, 6, '1', 'Take twice daily'), (38, 23, 11, '1', 'Take once daily'), (39, 23, 20, '1', 'Take twice daily for 5 days'), (40, 24, 2, '1', 'Take once daily before meals'), (41, 25, 14, '2', 'Take every 6 hours'), (42, 25, 17, '1', 'Take once at night'), (43, 26, 4, '1', 'Take twice daily for 7 days'), (44, 27, 9, '1', 'Apply once daily'), (45, 28, 5, '1', 'Take once daily'), (46, 28, 12, '1', 'Take at bedtime'), (47, 29, 7, '2', 'Take once daily with food'), (48, 30, 3, '1', 'Take twice daily after meals'), (49, 30, 18, '1', 'Take twice daily'), (50, 31, 1, '1', 'Apply twice daily'), (51, 32, 13, '1', 'Apply once daily'), (52, 33, 19, '1', 'Take once daily after meals'), (53, 34, 14, '1', 'Take every 6 hours as needed'), (54, 35, 2, '1', 'Take once daily'), (55, 36, 10, '1', 'Apply once daily'), (56, 37, 20, '2', 'Take twice daily for 5 days'), (57, 38, 6, '1', 'Take twice daily after meals'), (58, 39, 15, '1', 'Take single dose as prescribed'), (59, 40, 4, '2', 'Take twice daily for 7 days');

INSERT INTO "public"."treatment_chart" ("id", "visit_id", "treatment_chart_code") VALUES (1, 1, 'DDC-001'), (2, 2, 'DDC-002'), (3, 3, 'DDC-003'), (4, 4, 'DDC-004'), (5, 5, 'DDC-005'), (6, 6, 'DDC-006'), (7, 7, 'DDC-007'), (8, 8, 'DDC-008'), (9, 9, 'DDC-009'), (10, 10, 'DDC-010'), (11, 11, 'DDC-011'), (12, 12, 'DDC-012'), (13, 13, 'DDC-013'), (14, 14, 'DDC-014'), (15, 15, 'DDC-015'), (16, 16, 'DDC-016'), (17, 17, 'DDC-017'), (18, 18, 'DDC-018'), (19, 19, 'DDC-019'), (20, 20, 'DDC-020'), (21, 21, 'DDC-021'), (22, 22, 'DDC-022'), (23, 23, 'DDC-023'), (24, 24, 'DDC-024'), (25, 25, 'DDC-025'), (26, 26, 'DDC-026'), (27, 27, 'DDC-027'), (28, 28, 'DDC-028'), (29, 29, 'DDC-029'), (30, 30, 'DDC-030'), (31, 31, 'DDC-031'), (32, 32, 'DDC-032'), (33, 33, 'DDC-033'), (34, 34, 'DDC-034'), (35, 35, 'DDC-035'), (36, 36, 'DDC-036'), (37, 37, 'DDC-037'), (38, 38, 'DDC-038'), (39, 39, 'DDC-039'), (40, 40, 'DDC-040');

INSERT INTO "public"."treatment_chart_line" ("id", "treatment_chart_id", "created_at", "treatment_id", "quantity", "notes") VALUES (1, 1, '2025-12-24 13:53:22', 5, '1', null), (2, 1, '2025-12-24 13:51:22', 1, '1', null), (3, 2, '2024-12-19 13:35:22', 6, '1', null), (4, 3, '2025-06-29 13:22:22', 4, '1', null), (5, 4, '2025-03-30 13:41:22', 8, '2', null), (6, 5, '2024-06-07 13:38:22', 3, '1', null), (7, 6, '2025-01-02 14:09:22', 13, '3', null), (8, 7, '2024-11-10 13:12:22', 1, '2', null), (9, 7, '2024-11-10 13:47:22', 14, '2', null), (10, 8, '2024-04-03 14:00:22', 10, '2', null), (11, 9, '2026-01-14 13:54:22', 11, '1', null), (12, 10, '2025-11-01 14:11:22', 12, '1', null), (13, 11, '2024-07-01 13:13:22', 16, '2', null), (14, 12, '2024-08-31 13:19:22', 18, '1', null), (15, 13, '2024-07-10 13:19:22', 19, '1', null), (16, 13, '2024-07-10 13:06:22', 20, '2', null), (17, 14, '2025-06-04 13:12:22', 7, '2', null), (18, 15, '2025-05-25 13:09:22', 9, '2', null), (19, 16, '2025-05-31 13:20:22', 21, '2', null), (20, 17, '2025-06-18 13:30:22', 22, '1', null), (21, 18, '2024-09-15 13:04:22', 2, '2', null), (22, 19, '2025-01-26 13:08:22', 15, '1', null), (23, 20, '2025-01-12 13:06:22', 17, '2', null), (24, 21, '2025-09-22 13:15:22', 1, '1', null), (25, 22, '2025-10-12 13:20:22', 6, '1', null), (26, 23, '2024-12-27 13:10:22', 4, '1', null), (27, 24, '2025-11-07 13:25:22', 16, '1', null), (28, 25, '2024-09-25 13:30:22', 11, '2', null), (29, 26, '2024-05-22 13:18:22', 3, '1', null), (30, 27, '2025-08-17 13:40:22', 8, '1', null), (31, 28, '2025-03-04 13:22:22', 18, '2', null), (32, 29, '2024-01-13 13:35:22', 21, '1', null), (33, 30, '2024-02-07 13:50:22', 9, '2', null), (34, 31, '2025-02-16 13:12:22', 11, '1', null), (35, 32, '2024-03-01 13:28:22', 5, '1', null), (36, 33, '2025-03-03 13:45:22', 15, '1', 'Included extra monitoring due to patient risk factors.'), (37, 34, '2025-03-11 13:20:22', 7, '2', null), (38, 35, '2024-03-13 13:33:22', 13, '1', null), (39, 36, '2024-04-07 13:15:22', 22, '1', null), (40, 37, '2024-04-25 13:42:22', 4, '2', 'Extended duration due to limited response to standard session.'), (41, 38, '2024-05-02 13:08:22', 1, '1', null), (42, 39, '2024-05-28 13:55:22', 16, '1', 'Required based on worsening clinical signs noted during examination.'), (43, 40, '2024-06-26 13:27:22', 6, '2', null), (44, 40, '2024-06-26 13:30:22', 19, '1', 'Adjusted protocol to accommodate patient’s comorbid condition.'), (45, 21, '2025-09-22 13:35:22', 14, '1', null), (46, 22, '2025-10-12 13:50:22', 2, '1', null);

INSERT INTO "public"."diagnosis_chart" ("id", "visit_id", "diagnosis_chart_code") VALUES (1, 1, 'DDC-001'), (2, 2, 'DDC-002'), (3, 3, 'DDC-003'), (4, 4, 'DDC-004'), (5, 5, 'DDC-005'), (6, 6, 'DDC-006'), (7, 7, 'DDC-007'), (8, 8, 'DDC-008'), (9, 9, 'DDC-009'), (10, 10, 'DDC-010'), (11, 11, 'DDC-011'), (12, 12, 'DDC-012'), (13, 13, 'DDC-013'), (14, 14, 'DDC-014'), (15, 15, 'DDC-015'), (16, 16, 'DDC-016'), (17, 17, 'DDC-017'), (18, 18, 'DDC-018'), (19, 19, 'DDC-019'), (20, 20, 'DDC-020'), (21, 21, 'DDC-021'), (22, 22, 'DDC-022'), (23, 23, 'DDC-023'), (24, 24, 'DDC-024'), (25, 25, 'DDC-025'), (26, 26, 'DDC-026'), (27, 27, 'DDC-027'), (28, 28, 'DDC-028'), (29, 29, 'DDC-029'), (30, 30, 'DDC-030'), (31, 31, 'DDC-031'), (32, 32, 'DDC-032'), (33, 33, 'DDC-033'), (34, 34, 'DDC-034'), (35, 35, 'DDC-035'), (36, 36, 'DDC-036'), (37, 37, 'DDC-037'), (38, 38, 'DDC-038'), (39, 39, 'DDC-039'), (40, 40, 'DDC-040');

INSERT INTO "public"."diagnosis_chart_line" ("id", "diagnosis_chart_id", "created_at", "medical_condition_id") VALUES (1, 1, '2025-12-24 13:18:22', 1), (2, 2, '2024-12-19 13:14:22', 8), (4, 2, '2024-12-19 13:16:22', 2), (5, 3, '2025-06-29 13:13:22', 8), (6, 3, '2025-06-29 13:07:22', 20), (8, 4, '2025-03-30 13:27:22', 18), (10, 5, '2024-06-07 13:27:22', 6), (11, 6, '2025-01-02 13:31:22', 2), (12, 6, '2025-01-02 13:17:22', 2), (13, 7, '2024-11-10 13:06:22', 12), (14, 8, '2024-04-03 13:12:22', 13), (15, 9, '2026-01-14 13:02:22', 15), (16, 16, '2025-05-31 13:14:22', 19), (18, 10, '2025-11-01 13:28:22', 3), (19, 11, '2024-07-01 13:10:22', 18), (20, 12, '2024-08-31 13:15:22', 9), (21, 13, '2024-07-10 13:20:22', 6), (22, 14, '2025-06-04 13:05:22', 14), (23, 15, '2025-05-25 13:12:22', 2), (24, 17, '2025-06-18 13:08:22', 13), (25, 18, '2024-09-15 13:22:22', 20), (26, 19, '2025-01-26 13:30:22', 3), (27, 20, '2025-01-12 13:15:22', 16), (28, 21, '2025-09-22 13:18:22', 18), (29, 22, '2025-10-12 13:25:22', 11), (30, 23, '2024-12-27 13:09:22', 6), (31, 24, '2025-11-07 13:20:22', 10), (32, 25, '2024-09-25 13:35:22', 3), (33, 26, '2024-05-22 13:15:22', 20), (34, 27, '2025-08-17 13:22:22', 16), (35, 28, '2025-03-04 13:18:22', 14), (36, 29, '2025-03-13 13:28:22', 10), (37, 30, '2024-06-07 13:40:22', 8), (38, 31, '2025-12-16 13:10:22', 3), (39, 32, '2024-08-01 13:22:22', 20), (40, 33, '2025-07-03 13:35:22', 7), (41, 34, '2025-12-11 13:15:22', 2), (42, 35, '2024-10-13 13:28:22', 1), (43, 36, '2024-05-07 13:12:22', 16), (44, 37, '2024-06-25 13:38:22', 11), (45, 38, '2024-07-02 13:05:22', 4), (46, 39, '2024-07-28 13:48:22', 5), (47, 40, '2024-06-26 13:20:22', 7), (48, 1, '2025-12-24 13:25:22', 10), (49, 5, '2024-06-07 13:32:22', 3);

INSERT INTO "public"."patient_bill" ("id", "visit_id", "bill_code", "tax") VALUES (1, 1, 'BLL-001', '7'), (2, 2, 'BLL-002', '7'), (3, 3, 'BLL-003', '7'), (4, 4, 'BLL-004', '7'), (5, 5, 'BLL-005', '7'), (6, 6, 'BLL-006', '7'), (7, 7, 'BLL-007', '7'), (8, 8, 'BLL-008', '7'), (9, 9, 'BLL-009', '7'), (10, 10, 'BLL-010', '7'), (11, 11, 'BLL-011', '7'), (12, 12, 'BLL-012', '7'), (13, 13, 'BLL-013', '7'), (14, 14, 'BLL-014', '7'), (15, 15, 'BLL-015', '7'), (16, 16, 'BLL-016', '7'), (17, 17, 'BLL-017', '7'), (18, 18, 'BLL-018', '7'), (19, 19, 'BLL-019', '7'), (20, 20, 'BLL-020', '7'), (21, 21, 'BLL-021', '7'), (22, 22, 'BLL-022', '7'), (23, 23, 'BLL-023', '7'), (24, 24, 'BLL-024', '7'), (25, 25, 'BLL-025', '7'), (26, 26, 'BLL-026', '7'), (27, 27, 'BLL-027', '7'), (28, 28, 'BLL-028', '7'), (29, 29, 'BLL-029', '7'), (30, 30, 'BLL-030', '7'), (31, 31, 'BLL-031', '7'), (32, 32, 'BLL-032', '7'), (33, 33, 'BLL-033', '7'), (34, 34, 'BLL-034', '7'), (35, 35, 'BLL-035', '7'), (36, 36, 'BLL-036', '7'), (37, 37, 'BLL-037', '7'), (38, 38, 'BLL-038', '7'), (39, 39, 'BLL-039', '7'), (40, 40, 'BLL-040', '7'), (61, 61, 'BLL-061', '7');

INSERT INTO "public"."patient_bill_line" ("id", "bill_header_id", "treatment_chart_line_id", "prescription_chart_line_id", "fee_id", "charge_type") VALUES (3, 1, null, 1, null, 'Medicine'), (4, 1, null, 2, null, 'Medicine'), (7, 1, 1, null, null, 'Treatment'), (8, 1, 2, null, null, 'Treatment'), (9, 1, null, null, 2, 'Fee'), (10, 2, null, 3, null, 'Medicine'), (11, 2, null, 4, null, 'Medicine'), (12, 2, 3, null, null, 'Treatment'), (13, 2, null, null, 2, 'Fee'), (14, 3, null, 5, null, 'Medicine'), (15, 3, null, 6, null, 'Medicine'), (16, 3, 4, null, null, 'Treatment'), (17, 3, null, null, 15, 'Fee'), (18, 4, null, 7, null, 'Medicine'), (19, 4, 5, null, null, 'Treatment'), (20, 4, null, null, 1, 'Fee'), (21, 5, null, 8, null, 'Medicine'), (22, 5, null, 9, null, 'Medicine'), (23, 5, null, 8, null, 'Medicine'), (24, 5, null, 9, null, 'Medicine'), (25, 5, 6, null, null, 'Treatment'), (26, 5, null, null, 5, 'Fee'), (27, 6, null, 10, null, 'Medicine'), (28, 6, 7, null, null, 'Treatment'), (29, 6, null, null, 2, 'Fee'), (30, 7, null, 11, null, 'Medicine'), (31, 7, null, 12, null, 'Medicine'), (32, 7, 8, null, null, 'Treatment'), (33, 7, 9, null, null, 'Treatment'), (34, 7, null, null, 1, 'Fee'), (35, 8, null, 13, null, 'Medicine'), (36, 8, 10, null, null, 'Treatment'), (37, 8, null, null, 9, 'Fee'), (38, 9, null, 14, null, 'Medicine'), (39, 9, null, 15, null, 'Medicine'), (40, 9, 11, null, null, 'Treatment'), (41, 9, null, null, 3, 'Fee'), (42, 10, null, 16, null, 'Medicine'), (43, 10, 12, null, null, 'Treatment'), (44, 10, null, null, 2, 'Fee'), (45, 11, null, 17, null, 'Medicine'), (46, 11, null, 18, null, 'Medicine'), (47, 11, 13, null, null, 'Treatment'), (48, 11, null, null, 16, 'Fee'), (49, 12, null, 19, null, 'Medicine'), (50, 12, 14, null, null, 'Treatment'), (51, 12, null, null, 8, 'Fee'), (52, 13, null, 20, null, 'Medicine'), (53, 13, null, 21, null, 'Medicine'), (54, 13, 15, null, null, 'Treatment'), (55, 13, 16, null, null, 'Treatment'), (56, 13, null, null, 4, 'Fee'), (57, 14, null, 22, null, 'Medicine'), (58, 14, 17, null, null, 'Treatment'), (59, 14, null, null, 1, 'Fee'), (60, 15, null, 23, null, 'Medicine'), (61, 15, null, 24, null, 'Medicine'), (62, 15, 18, null, null, 'Treatment'), (63, 15, null, null, 2, 'Fee'), (64, 16, null, 25, null, 'Medicine'), (65, 16, null, 26, null, 'Medicine'), (66, 16, 19, null, null, 'Treatment'), (67, 16, null, null, 17, 'Fee'), (68, 17, null, 27, null, 'Medicine'), (69, 17, null, 28, null, 'Medicine'), (70, 17, 20, null, null, 'Treatment'), (71, 17, null, null, 5, 'Fee'), (72, 18, null, 29, null, 'Medicine'), (73, 18, null, 30, null, 'Medicine'), (74, 18, 21, null, null, 'Treatment'), (75, 18, null, null, 2, 'Fee'), (76, 19, null, 31, null, 'Medicine'), (77, 19, null, 32, null, 'Medicine'), (78, 19, 22, null, null, 'Treatment'), (79, 19, null, null, 3, 'Fee'), (80, 20, null, 33, null, 'Medicine'), (81, 20, null, 34, null, 'Medicine'), (82, 20, 23, null, null, 'Treatment'), (83, 20, null, null, 1, 'Fee'), (84, 21, null, 35, null, 'Medicine'), (85, 21, null, 36, null, 'Medicine'), (86, 21, 24, null, null, 'Treatment'), (87, 21, 45, null, null, 'Treatment'), (88, 21, null, null, 2, 'Fee'), (89, 22, null, 37, null, 'Medicine'), (90, 22, 25, null, null, 'Treatment'), (91, 22, 46, null, null, 'Treatment'), (92, 22, null, null, 14, 'Fee'), (93, 23, null, 38, null, 'Medicine'), (94, 23, null, 39, null, 'Medicine'), (95, 23, 26, null, null, 'Treatment'), (96, 23, null, null, 4, 'Fee'), (97, 24, null, 40, null, 'Medicine'), (98, 24, 27, null, null, 'Treatment'), (99, 24, null, null, 7, 'Fee'), (100, 25, null, 41, null, 'Medicine'), (101, 25, null, 42, null, 'Medicine'), (102, 25, 28, null, null, 'Treatment'), (103, 25, null, null, 2, 'Fee');

INSERT INTO "public"."transaction_header" ("id", "bill_id", "transaction_code", "created_at") VALUES (1, 1, 'TSC-001', '2025-12-25 09:14:33+00'), (2, 2, 'TSC-002', '2024-12-20 16:45:10+00'), (3, 3, 'TSC-003', '2025-06-30 08:22:47+00'), (4, 4, 'TSC-004', '2025-03-31 19:05:12+00'), (5, 5, 'TSC-005', '2024-06-08 11:33:56+00'), (6, 6, 'TSC-006', '2025-01-03 14:18:29+00'), (7, 7, 'TSC-007', '2024-11-11 07:55:41+00'), (8, 8, 'TSC-008', '2024-04-04 20:12:08+00'), (9, 9, 'TSC-009', '2026-01-15 10:40:22+00'), (10, 10, 'TSC-010', '2025-11-02 15:27:35+00'), (11, 11, 'TSC-011', '2024-07-02 06:49:58+00'), (12, 12, 'TSC-012', '2024-09-01 18:21:44+00'), (13, 13, 'TSC-013', '2024-07-11 12:05:19+00'), (14, 14, 'TSC-014', '2025-06-05 09:58:03+00'), (15, 15, 'TSC-015', '2025-05-26 17:36:27+00'), (16, 16, 'TSC-016', '2025-06-01 13:47:51+00'), (17, 17, 'TSC-017', '2025-06-19 08:11:09+00'), (18, 18, 'TSC-018', '2024-09-16 21:03:42+00'), (19, 19, 'TSC-019', '2025-01-27 10:29:55+00'), (20, 20, 'TSC-020', '2025-01-13 11:15:00+00'), (21, 21, 'TSC-021', '2025-09-23 09:00:00+00'), (22, 22, 'TSC-022', '2025-10-13 10:30:00+00'), (23, 23, 'TSC-023', '2024-12-28 08:45:00+00'), (24, 24, 'TSC-024', '2025-11-08 14:00:00+00'), (25, 25, 'TSC-025', '2024-09-26 11:20:00+00'), (26, 26, 'TSC-026', '2024-05-23 09:10:00+00'), (27, 27, 'TSC-027', '2025-08-18 10:00:00+00'), (28, 28, 'TSC-028', '2024-01-05 13:30:00+00'), (29, 29, 'TSC-029', '2024-01-14 09:45:00+00'), (30, 30, 'TSC-030', '2024-02-08 14:00:00+00'), (31, 31, 'TSC-031', '2024-02-17 10:15:00+00'), (32, 32, 'TSC-032', '2024-03-02 11:00:00+00'), (33, 33, 'TSC-033', '2024-03-04 09:30:00+00'), (34, 34, 'TSC-034', '2024-03-12 10:00:00+00'), (35, 35, 'TSC-035', '2024-04-14 13:20:00+00'), (36, 36, 'TSC-036', '2024-05-08 09:00:00+00'), (37, 37, 'TSC-037', '2024-06-26 10:45:00+00'), (38, 38, 'TSC-038', '2024-07-03 14:30:00+00'), (39, 39, 'TSC-039', '2025-07-29 09:15:00+00'), (40, 40, 'TSC-040', '2025-06-27 10:00:00+00');

INSERT INTO "public"."transaction_line" ("id", "transaction_header_id", "transaction_line_code", "transaction_type", "amount") VALUES (1, 1, 'CSH-001', 'Cash', '5000.00'), (2, 1, 'CC-001', 'Credit Card', '20000.00'), (3, 2, 'DC-001', 'Debit Card', '10000.00'), (4, 3, 'DW-001', 'Digital Wallet', '7500.00'), (5, 4, 'CSH-002', 'Cash', '9000.00'), (6, 5, 'CC-002', 'Credit Card', '12000.00'), (7, 5, 'DW-002', 'Digital Wallet', '3000.00'), (8, 6, 'CSH-003', 'Cash', '4000.00'), (9, 7, 'DC-002', 'Debit Card', '8500.00'), (10, 7, 'CC-003', 'Credit Card', '5000.00'), (11, 8, 'DW-003', 'Digital Wallet', '6000.00'), (12, 9, 'CSH-004', 'Cash', '7000.00'), (13, 9, 'DC-003', 'Debit Card', '3000.00'), (14, 10, 'CC-004', 'Credit Card', '15000.00'), (15, 11, 'DW-004', 'Digital Wallet', '4500.00'), (16, 11, 'CSH-005', 'Cash', '2500.00'), (17, 12, 'DC-004', 'Debit Card', '11000.00'), (18, 13, 'CSH-006', 'Cash', '5000.00'), (19, 13, 'CC-005', 'Credit Card', '8000.00'), (20, 14, 'DW-005', 'Digital Wallet', '9500.00'), (21, 15, 'DC-005', 'Debit Card', '7000.00'), (22, 15, 'CSH-007', 'Cash', '2000.00'), (23, 16, 'CC-006', 'Credit Card', '13000.00'), (24, 17, 'DW-006', 'Digital Wallet', '4000.00'), (25, 17, 'DC-006', 'Debit Card', '6000.00'), (26, 18, 'CSH-008', 'Cash', '3000.00'), (27, 18, 'CC-007', 'Credit Card', '9000.00'), (28, 19, 'DW-007', 'Digital Wallet', '10000.00'), (29, 20, 'CSH-009', 'Cash', '6500.00'), (30, 21, 'CC-008', 'Credit Card', '11000.00'), (31, 22, 'DW-008', 'Digital Wallet', '5500.00'), (32, 22, 'DC-007', 'Debit Card', '4500.00'), (33, 23, 'CSH-010', 'Cash', '7000.00'), (34, 24, 'CC-009', 'Credit Card', '9500.00'), (35, 24, 'DW-009', 'Digital Wallet', '3500.00'), (36, 25, 'DC-008', 'Debit Card', '12000.00'), (37, 26, 'CSH-011', 'Cash', '4000.00'), (38, 27, 'CC-010', 'Credit Card', '8000.00'), (39, 28, 'DW-010', 'Digital Wallet', '6000.00'), (40, 29, 'CSH-012', 'Cash', '5500.00'), (41, 30, 'DC-009', 'Debit Card', '7500.00'), (42, 30, 'CC-011', 'Credit Card', '4500.00'), (43, 31, 'DW-011', 'Digital Wallet', '9000.00'), (44, 32, 'CSH-013', 'Cash', '11000.00'), (45, 33, 'CC-012', 'Credit Card', '6500.00'), (46, 34, 'DW-012', 'Digital Wallet', '4000.00'), (47, 35, 'DC-010', 'Debit Card', '8500.00'), (48, 36, 'CSH-014', 'Cash', '5000.00'), (49, 37, 'CC-013', 'Credit Card', '7000.00'), (50, 38, 'DW-013', 'Digital Wallet', '9500.00'), (51, 39, 'DC-011', 'Debit Card', '6000.00'), (52, 39, 'CSH-015', 'Cash', '3000.00'), (53, 40, 'CC-014', 'Credit Card', '10000.00'), (54, 40, 'DW-014', 'Digital Wallet', '2000.00');












